"year_month","region","climate","epoch","antigen_drift","inter_air_traffic","persistence"
"2017-01","Africa","most-tropical","pre",0.17289540202419,0.739606120947066,0.249595536757226
"2017-02","Africa","most-tropical","pre",0.183586389085467,0.670241946252527,0.229493841648382
"2017-03","Africa","most-tropical","pre",0.189293605826093,0.744566880714096,0.232342428581635
"2017-04","Africa","most-tropical","pre",0.194300824770632,0.766321175382802,0.254643857626909
"2017-05","Africa","most-tropical","pre",0.207657890528396,0.775433426347369,0.2820166753951
"2017-06","Africa","most-tropical","pre",0.205477743385184,0.758738676350954,0.311873749610263
"2017-07","Africa","most-tropical","pre",0.199506127550309,0.847658626033277,0.335277805530805
"2017-08","Africa","most-tropical","pre",0.204148536694523,0.851177813031487,0.371152845903286
"2017-09","Africa","most-tropical","pre",0.219635920839183,0.797508620447587,0.383994221612501
"2017-10","Africa","most-tropical","pre",0.228336146905581,0.788086681835234,0.404265615635412
"2017-11","Africa","most-tropical","pre",0.214966598226303,0.762496543033351,0.395298146665301
"2017-12","Africa","most-tropical","pre",0.200424197762511,0.807396605637527,0.416488926406205
"2018-01","Africa","most-tropical","pre",0.191064944797252,0.786239464711062,0.443631196174462
"2018-02","Africa","most-tropical","pre",0.17788921381666,0.70228734529001,0.471440699309627
"2018-03","Africa","most-tropical","pre",0.184566263475579,0.799006555156219,0.478996312449451
"2018-04","Africa","most-tropical","pre",0.206342710835792,0.793501670353761,0.47862674060659
"2018-05","Africa","most-tropical","pre",0.224094239714668,0.795059401242266,0.471424188608506
"2018-06","Africa","most-tropical","pre",0.259882852487183,0.800863266944086,0.484600067509317
"2018-07","Africa","most-tropical","pre",0.261811225010036,0.868297600738887,0.47288576005802
"2018-08","Africa","most-tropical","pre",0.250853582290317,0.884946998565094,0.46323712633153
"2018-09","Africa","most-tropical","pre",0.224469658034157,0.820751456168289,0.443006928227895
"2018-10","Africa","most-tropical","pre",0.214700815721046,0.828983026571523,0.428192258810603
"2018-11","Africa","most-tropical","pre",0.214231469118512,0.795519185382097,0.407189141234052
"2018-12","Africa","most-tropical","pre",0.197762236980851,0.836976927361176,0.355877618331365
"2019-01","Africa","most-tropical","pre",0.188454284560219,0.823944087339593,0.337774765865813
"2019-02","Africa","most-tropical","pre",0.190549768885507,0.744010028789032,0.315894033542657
"2019-03","Africa","most-tropical","pre",0.181855106124761,0.827668924713175,0.31879271030993
"2019-04","Africa","most-tropical","pre",0.188341510062832,0.81586190637898,0.324913335910609
"2019-05","Africa","most-tropical","pre",0.198676665090079,0.790794782136861,0.364110883160587
"2019-06","Africa","most-tropical","pre",0.212862046219663,0.842342725441194,0.410452447070728
"2019-07","Africa","most-tropical","pre",0.225829546919157,0.905779603805865,0.461047347801122
"2019-08","Africa","most-tropical","pre",0.22622730727037,0.924614491402178,0.529406524153271
"2019-09","Africa","most-tropical","pre",0.260919462883434,0.856395534760671,0.607119648416961
"2019-10","Africa","most-tropical","pre",0.270271703175034,0.829410185430782,0.677265121628184
"2019-11","Africa","most-tropical","pre",0.284272417932925,0.822838363047254,0.725492162508236
"2019-12","Africa","most-tropical","pre",0.278602420869541,0.87559778503637,0.757949580903452
"2020-01","Africa","most-tropical","pre",0.278636314119244,0.864193178831587,0.821515292195079
"2020-02","Africa","most-tropical","pre",0.291719634676257,0.77333561070586,0.908198199273444
"2020-03","Africa","most-tropical","pre",0.296567912893326,0.558420463707254,1.01264974551413
"2020-04","Africa","most-tropical","pan1",0.303232545378636,0.107294952131744,1.0940756794651
"2020-05","Africa","most-tropical","pan1",0.302224772763189,0.109419231623129,1.16956900293985
"2020-06","Africa","most-tropical","pan1",0.301217000147743,0.0942339311402546,1.25029781611971
"2020-07","Africa","most-tropical","pan1",0.300209227532296,0.158407959033152,1.33443382226694
"2020-08","Africa","most-tropical","pan1",0.304278320277959,0.216800645798743,1.41839324952135
"2020-09","Africa","most-tropical","pan1",0.320581910176165,0.222375629501253,1.49787817704215
"2020-10","Africa","most-tropical","pan1",0.328400184302518,0.256859136967392,1.54811303664648
"2020-11","Africa","most-tropical","pan1",0.331322689970352,0.242837134801397,1.57463628401597
"2020-12","Africa","most-tropical","pan1",0.32157508074586,0.325062538521568,1.56674946483114
"2021-01","Africa","most-tropical","pan1",0.317499845539346,0.32792235142821,1.52885966848451
"2021-02","Africa","most-tropical","pan1",0.306101776215741,0.293165013820796,1.45781066212582
"2021-03","Africa","most-tropical","pan1",0.307691869195259,0.305153844864064,1.48555075894824
"2021-04","Africa","most-tropical","pan2",0.304923495492225,0.300623375175172,1.56724750583556
"2021-05","Africa","most-tropical","pan2",0.331986855571913,0.323285622311571,1.65942458737519
"2021-06","Africa","most-tropical","pan2",0.342465232077007,0.378992834357107,1.64894745317153
"2021-07","Africa","most-tropical","pan2",0.365200962476615,0.464203804774361,1.60406566679173
"2021-08","Africa","most-tropical","pan2",0.368600780508476,0.490899364847402,1.42042984240388
"2021-09","Africa","most-tropical","pan2",0.378162170421186,0.473303530863414,0.995533365672908
"2021-10","Africa","most-tropical","pan2",0.374264671797678,0.529815264146594,0.575040294950332
"2021-11","Africa","most-tropical","pan2",0.343793488101855,0.537452610012345,0.296156383299641
"2021-12","Africa","most-tropical","pan2",0.297897816873848,0.552400341888699,0.302498419502475
"2022-01","Africa","most-tropical","pan2",0.251687225472442,0.50072078638441,0.337819480406339
"2022-02","Africa","most-tropical","pan2",0.228543438052958,0.515860128654713,0.40482886120754
"2022-03","Africa","most-tropical","pan2",0.207800228024383,0.655407948326404,0.46333127452167
"2022-04","Africa","most-tropical","pan2",0.204387584912944,0.633094175549059,0.530800401165312
"2022-05","Africa","most-tropical","pan2",0.200013204718568,0.694252940669059,0.606432981830589
"2022-06","Africa","most-tropical","pan2",0.210451594165858,0.712858441230759,0.704246545119302
"2022-07","Africa","most-tropical","pan2",0.211547561538511,0.822325853221792,0.790710809023634
"2022-08","Africa","most-tropical","pan2",0.216383001472824,0.821901017524927,0.861101151044771
"2022-09","Africa","most-tropical","pan2",0.220730323649439,0.765848664353336,0.857872610816878
"2022-10","Africa","most-tropical","pan2",0.226718396935917,0.793691967655923,0.773568141634628
"2022-11","Africa","most-tropical","pan2",0.232640000018478,0.766298246780046,0.684706924622768
"2022-12","Africa","most-tropical","pan2",0.240596729717008,0.881409832310098,0.656657069202531
"2023-01","Africa","most-tropical","pan2",0.247866055134403,0.83757286901869,0.65872493483205
"2023-02","Africa","most-tropical","pan2",0.2562790578177,0.764106595579244,0.620511276421184
"2023-03","Africa","most-tropical","pan2",0.253219790584281,0.872684842415855,0.518111915289908
"2023-04","Africa","most-tropical","post",0.226725156950614,0.847613576884251,0.441343343448104
"2023-05","Africa","most-tropical","post",0.195927795907742,0.879545039957383,0.417971800123146
"2023-06","Africa","most-tropical","post",0.162141912273275,0.883537748055665,0.447831035097465
"2023-07","Africa","most-tropical","post",0.145637004234566,0.997950768754638,0.497589150981493
"2023-08","Africa","most-tropical","post",0.132851967200373,1,0.476947696695074
"2023-09","Africa","most-tropical","post",0.132737351205281,0.924719033709894,0.406894411194139
"2023-10","Africa","most-tropical","post",0.119531624210649,0.955307102877105,0.286304163358091
"2023-11","Africa","most-tropical","post",0.106759212238738,0.903357858521026,0.215988179310197
"2023-12","Africa","most-tropical","post",0.0938647747766094,0.984839951282275,0.170368757384474
"2017-01","Europe","most-other","pre",0.140687567179622,0.612445408280063,0.376206203243614
"2017-02","Europe","most-other","pre",0.154990552245023,0.574678830055635,0.357676322074721
"2017-03","Europe","most-other","pre",0.178079653958005,0.686584098408576,0.346924632961065
"2017-04","Europe","most-other","pre",0.179365327007934,0.771223493809548,0.335075529603055
"2017-05","Europe","most-other","pre",0.186536453252439,0.848418437239482,0.2949879752446
"2017-06","Europe","most-other","pre",0.182665775124547,0.875539092202998,0.249521394505691
"2017-07","Europe","most-other","pre",0.200997941107061,0.928147571566034,0.212215549593846
"2017-08","Europe","most-other","pre",0.209910340995337,0.931535148550716,0.194943142763312
"2017-09","Europe","most-other","pre",0.208945248039744,0.903188871200773,0.188469485401892
"2017-10","Europe","most-other","pre",0.20324698921452,0.849004141489996,0.190511012715603
"2017-11","Europe","most-other","pre",0.197630521213884,0.663698590325645,0.194319564825793
"2017-12","Europe","most-other","pre",0.198258939322428,0.657582970129569,0.1985743448684
"2018-01","Europe","most-other","pre",0.192523578818139,0.643675184324408,0.209572475537786
"2018-02","Europe","most-other","pre",0.190437223548097,0.608402569372009,0.215107519815926
"2018-03","Europe","most-other","pre",0.187856528759267,0.736184286260374,0.231549535216242
"2018-04","Europe","most-other","pre",0.195350401649055,0.81882142948727,0.235832944140273
"2018-05","Europe","most-other","pre",0.212671401837066,0.885283044867015,0.238864166166659
"2018-06","Europe","most-other","pre",0.229246537088541,0.91629342467769,0.227976553922453
"2018-07","Europe","most-other","pre",0.240119171667591,0.977984093598698,0.218990383186362
"2018-08","Europe","most-other","pre",0.22124329974347,0.983150018040782,0.206562344661383
"2018-09","Europe","most-other","pre",0.208247026691559,0.948632636263326,0.192259197750277
"2018-10","Europe","most-other","pre",0.193293473978097,0.905458718031789,0.178755913925654
"2018-11","Europe","most-other","pre",0.1992595081008,0.715032750704067,0.173798911901587
"2018-12","Europe","most-other","pre",0.197117455726234,0.709514280327236,0.178416046962729
"2019-01","Europe","most-other","pre",0.205446642257999,0.689564890664368,0.184106870317054
"2019-02","Europe","most-other","pre",0.206171970924757,0.649278481435319,0.192520588149978
"2019-03","Europe","most-other","pre",0.215934658297883,0.753914941838763,0.210912301389052
"2019-04","Europe","most-other","pre",0.217265369339813,0.848422833633129,0.223200489939554
"2019-05","Europe","most-other","pre",0.21043457769996,0.912907255037149,0.245614473973923
"2019-06","Europe","most-other","pre",0.210470379564481,0.950874983838894,0.260896264293002
"2019-07","Europe","most-other","pre",0.207754932103991,1,0.296234987610397
"2019-08","Europe","most-other","pre",0.225580063995168,0.993316423034846,0.343869380753805
"2019-09","Europe","most-other","pre",0.22969416783221,0.962585594079131,0.412632984390747
"2019-10","Europe","most-other","pre",0.259977190357029,0.886991025117319,0.485079870577932
"2019-11","Europe","most-other","pre",0.288182802700662,0.702859796777264,0.540602158750863
"2019-12","Europe","most-other","pre",0.314146784238864,0.715906960503684,0.562876277775463
"2020-01","Europe","most-other","pre",0.313242792237222,0.681593705898676,0.580715130023996
"2020-02","Europe","most-other","pre",0.310380488475503,0.61852270637061,0.651753168378036
"2020-03","Europe","most-other","pre",0.313894448356957,0.419541045646485,0.483982595523321
"2020-04","Europe","most-other","pan1",0.324072761985276,0.0508505197141328,0.308192885479937
"2020-05","Europe","most-other","pan1",0.334984249176233,0.0847273232739114,0.0725170380467819
"2020-06","Europe","most-other","pan1",0.345895736367191,0.0714985498813142,0.0802661084633778
"2020-07","Europe","most-other","pan1",0.356807223558148,0.253156576389027,0.0828639161545892
"2020-08","Europe","most-other","pan1",0.367718710749106,0.369028014530218,0.0818263186027984
"2020-09","Europe","most-other","pan1",0.363401095928066,0.283257824338368,0.0806976696011211
"2020-10","Europe","most-other","pan1",0.348840730412807,0.217535674897425,0.0822040722383327
"2020-11","Europe","most-other","pan1",0.324037614203328,0.109355198130828,0.0928922725915931
"2020-12","Europe","most-other","pan1",0.304220849311627,0.13606371298509,0.122436622132783
"2021-01","Europe","most-other","pan1",0.285005729047875,0.103110974079797,0.133414485698709
"2021-02","Europe","most-other","pan1",0.254560710603806,0.0656173832557905,0.142429816226368
"2021-03","Europe","most-other","pan1",0.25291296031239,0.0783496257081074,0.139400584475753
"2021-04","Europe","most-other","pan2",0.261926678151243,0.100454668056525,0.155898857348464
"2021-05","Europe","most-other","pan2",0.293433406928632,0.147131876851708,0.168533303560163
"2021-06","Europe","most-other","pan2",0.307405980311585,0.262068626758297,0.171588671929699
"2021-07","Europe","most-other","pan2",0.318342191115375,0.448878367268573,0.171932591092975
"2021-08","Europe","most-other","pan2",0.310456272023668,0.53481329145127,0.179820761509352
"2021-09","Europe","most-other","pan2",0.284522748511701,0.480200069039571,0.20406276083593
"2021-10","Europe","most-other","pan2",0.25291330936006,0.485204534990891,0.241446596402825
"2021-11","Europe","most-other","pan2",0.234349398598294,0.428744104893818,0.274965499679155
"2021-12","Europe","most-other","pan2",0.225570288984655,0.446612966648696,0.293904785352654
"2022-01","Europe","most-other","pan2",0.216361871480749,0.343293232369717,0.308688000008175
"2022-02","Europe","most-other","pan2",0.201912376573674,0.362287981892537,0.341147054640089
"2022-03","Europe","most-other","pan2",0.192546505368892,0.480900901513521,0.409889748793663
"2022-04","Europe","most-other","pan2",0.191080330089382,0.626934090947784,0.488681576277694
"2022-05","Europe","most-other","pan2",0.207046006929572,0.728461827776622,0.562781595927051
"2022-06","Europe","most-other","pan2",0.211101474786733,0.798844378662107,0.616303230210652
"2022-07","Europe","most-other","pan2",0.220420027434021,0.874251023590662,0.660712747040782
"2022-08","Europe","most-other","pan2",0.223962864377643,0.86333398108527,0.700741411370309
"2022-09","Europe","most-other","pan2",0.235429504157191,0.83286899071991,0.736434114654708
"2022-10","Europe","most-other","pan2",0.241125781093634,0.766664732502549,0.759090673857621
"2022-11","Europe","most-other","pan2",0.244226940661918,0.579555688501835,0.780120133304671
"2022-12","Europe","most-other","pan2",0.253857944732602,0.595378695322983,0.800597723185367
"2023-01","Europe","most-other","pan2",0.253929075132437,0.541613677980207,0.825709489147422
"2023-02","Europe","most-other","pan2",0.256612454041791,0.541761112847043,0.800551303170633
"2023-03","Europe","most-other","pan2",0.254773989789864,0.661818640093817,0.751468302546241
"2023-04","Europe","most-other","post",0.249529877094365,0.76861133853834,0.668030504935693
"2023-05","Europe","most-other","post",0.2417422573021,0.841372201388755,0.511809614346233
"2023-06","Europe","most-other","post",0.215156127042094,0.891624437935706,0.33934324092639
"2023-07","Europe","most-other","post",0.199505220490635,0.971865945164915,0.192658128043141
"2023-08","Europe","most-other","post",0.176429668430766,0.97746387444109,0.151259888504745
"2023-09","Europe","most-other","post",0.162513478316571,0.922579333514943,0.145102646376528
"2023-10","Europe","most-other","post",0.142075702555042,0.880511849320819,0.151198334749468
"2023-11","Europe","most-other","post",0.127519565707987,0.659218578018732,0.16883537949214
"2023-12","Europe","most-other","post",0.124329236716727,0.681086601195772,0.180618167552798
"2017-01","Japan/Korea","most-other","pre",0.161528930546948,0.840752808412755,0.216531825044751
"2017-02","Japan/Korea","most-other","pre",0.192651714108589,0.765825137423254,0.264517049808399
"2017-03","Japan/Korea","most-other","pre",0.22830286936142,0.853889399719014,0.285072597162647
"2017-04","Japan/Korea","most-other","pre",0.243117125712633,0.833136913935811,0.282937477063534
"2017-05","Japan/Korea","most-other","pre",0.246980839693165,0.865867854264901,0.278143279560405
"2017-06","Japan/Korea","most-other","pre",0.230105248671896,0.843008057874001,0.26673788439867
"2017-07","Japan/Korea","most-other","pre",0.214437384181409,0.912528296821944,0.270877573123172
"2017-08","Japan/Korea","most-other","pre",0.206236580108973,0.954607227510496,0.271077865415808
"2017-09","Japan/Korea","most-other","pre",0.205248514530158,0.885148988547742,0.274695768353359
"2017-10","Japan/Korea","most-other","pre",0.203093286048611,0.906704087102172,0.25575230749412
"2017-11","Japan/Korea","most-other","pre",0.197807485057057,0.842871428277011,0.224241587342744
"2017-12","Japan/Korea","most-other","pre",0.188891275345449,0.876929397918718,0.195147287558194
"2018-01","Japan/Korea","most-other","pre",0.188015323227445,0.889634228217008,0.176757352145097
"2018-02","Japan/Korea","most-other","pre",0.187196689646482,0.808974830818976,0.185223636901315
"2018-03","Japan/Korea","most-other","pre",0.187739425164897,0.902232223355636,0.212066492624469
"2018-04","Japan/Korea","most-other","pre",0.183745178865738,0.875094485394095,0.248646440380199
"2018-05","Japan/Korea","most-other","pre",0.170293241012103,0.905349904092338,0.286394418830611
"2018-06","Japan/Korea","most-other","pre",0.155380678494019,0.878522797538072,0.315113384086569
"2018-07","Japan/Korea","most-other","pre",0.145976593819934,0.93139747564764,0.329884056242201
"2018-08","Japan/Korea","most-other","pre",0.168853785552925,0.96525124718998,0.328916503720534
"2018-09","Japan/Korea","most-other","pre",0.184224864618197,0.902276484456173,0.326591145627489
"2018-10","Japan/Korea","most-other","pre",0.195422897523141,0.93018635186289,0.333870156181095
"2018-11","Japan/Korea","most-other","pre",0.186008262808334,0.886200692000205,0.364877854582355
"2018-12","Japan/Korea","most-other","pre",0.190154872665683,0.917743069650267,0.419688338430512
"2019-01","Japan/Korea","most-other","pre",0.192805658212381,0.920908857782884,0.47883157662062
"2019-02","Japan/Korea","most-other","pre",0.19862457252324,0.843663765124767,0.531037595450184
"2019-03","Japan/Korea","most-other","pre",0.19161221674892,0.935973878258092,0.555820309876455
"2019-04","Japan/Korea","most-other","pre",0.18744547818868,0.910471045461547,0.55573499004891
"2019-05","Japan/Korea","most-other","pre",0.198674701753415,0.950590489581161,0.528145413367397
"2019-06","Japan/Korea","most-other","pre",0.202591546573558,0.923243444262214,0.485184057747222
"2019-07","Japan/Korea","most-other","pre",0.222807525856259,0.970594095913633,0.42689634073707
"2019-08","Japan/Korea","most-other","pre",0.222218661900023,1,0.363365904871711
"2019-09","Japan/Korea","most-other","pre",0.234337130874328,0.930341294418469,0.301867829080804
"2019-10","Japan/Korea","most-other","pre",0.237283510833594,0.937056007629213,0.257744852031476
"2019-11","Japan/Korea","most-other","pre",0.248321488467916,0.904812915331729,0.241576017636073
"2019-12","Japan/Korea","most-other","pre",0.252800729349454,0.939748758837797,0.225227143135228
"2020-01","Japan/Korea","most-other","pre",0.256840683318887,0.950353856304357,0.24103685467007
"2020-02","Japan/Korea","most-other","pre",0.25319642920013,0.808323601344917,0.214378484291407
"2020-03","Japan/Korea","most-other","pre",0.256511461609339,0.49815696432917,0.212035724283722
"2020-04","Japan/Korea","most-other","pan1",0.254038077071847,0.242416669867129,0.204296617170095
"2020-05","Japan/Korea","most-other","pan1",0.250532645014217,0.281065623597286,0.248198045798621
"2020-06","Japan/Korea","most-other","pan1",0.247027212956587,0.285873779856079,0.299812149820008
"2020-07","Japan/Korea","most-other","pan1",0.243521780898956,0.407198049021207,0.348160656956846
"2020-08","Japan/Korea","most-other","pan1",0.240016348841326,0.451396632907101,0.389779259321471
"2020-09","Japan/Korea","most-other","pan1",0.236510916783696,0.400381782131019,0.417571763359494
"2020-10","Japan/Korea","most-other","pan1",0.233005484726066,0.437736600985145,0.42494851676021
"2020-11","Japan/Korea","most-other","pan1",0.229500052668436,0.432369181896992,0.41766891737995
"2020-12","Japan/Korea","most-other","pan1",0.225994620610805,0.39408200956189,0.410831305542902
"2021-01","Japan/Korea","most-other","pan1",0.222489188553175,0.274754254734632,0.497244543182401
"2021-02","Japan/Korea","most-other","pan1",0.229660374804821,0.287030424024214,0.443930881260042
"2021-03","Japan/Korea","most-other","pan1",0.237607526341199,0.365785675580829,0.386810300090505
"2021-04","Japan/Korea","most-other","pan2",0.24633064316231,0.364664394367209,0.233374664444877
"2021-05","Japan/Korea","most-other","pan2",0.245153106958877,0.337790558194478,0.210263916185494
"2021-06","Japan/Korea","most-other","pan2",0.243975570755444,0.32049089751236,0.16742372497074
"2021-07","Japan/Korea","most-other","pan2",0.242798034552011,0.400039117398063,0.116342929771027
"2021-08","Japan/Korea","most-other","pan2",0.241620498348578,0.379015611309234,0.0664825182621396
"2021-09","Japan/Korea","most-other","pan2",0.240442962145145,0.36576564040043,0.0385544777138816
"2021-10","Japan/Korea","most-other","pan2",0.239265425941713,0.441134946469615,0.0357089144201536
"2021-11","Japan/Korea","most-other","pan2",0.23808788973828,0.473391357282435,0.0435879526136847
"2021-12","Japan/Korea","most-other","pan2",0.236422595283749,0.507181578839956,0.0428251549921857
"2022-01","Japan/Korea","most-other","pan2",0.23426954257812,0.413095338353151,0.0373233782931956
"2022-02","Japan/Korea","most-other","pan2",0.231628731621393,0.325202150090597,0.0370691232574202
"2022-03","Japan/Korea","most-other","pan2",0.228987920664666,0.439066500667447,0.0485505713511363
"2022-04","Japan/Korea","most-other","pan2",0.226347109707939,0.461244986109994,0.0669304879303696
"2022-05","Japan/Korea","most-other","pan2",0.223706298751212,0.538580093561422,0.0940630738381539
"2022-06","Japan/Korea","most-other","pan2",0.221065487794485,0.534831907419785,0.130529709182744
"2022-07","Japan/Korea","most-other","pan2",0.222049556460728,0.624979713662254,0.162860992819435
"2022-08","Japan/Korea","most-other","pan2",0.219113977757282,0.674622183284701,0.19326651548068
"2022-09","Japan/Korea","most-other","pan2",0.21618413416697,0.595968313185347,0.220859545768829
"2022-10","Japan/Korea","most-other","pan2",0.212883607374969,0.681523757561917,0.266628979053335
"2022-11","Japan/Korea","most-other","pan2",0.21823366144063,0.687148017329455,0.318358195657309
"2022-12","Japan/Korea","most-other","pan2",0.226559227306363,0.750431459619151,0.366677904328781
"2023-01","Japan/Korea","most-other","pan2",0.228053386559594,0.75020326522922,0.338417258168918
"2023-02","Japan/Korea","most-other","pan2",0.224759491495349,0.732152888059773,0.279194731924632
"2023-03","Japan/Korea","most-other","pan2",0.221092111486647,0.813864103725057,0.228814436440666
"2023-04","Japan/Korea","most-other","post",0.211537880131053,0.786408386209848,0.250540582386128
"2023-05","Japan/Korea","most-other","post",0.20505441618408,0.835656581852409,0.309857782095518
"2023-06","Japan/Korea","most-other","post",0.191759211839228,0.825033343649442,0.374977479311443
"2023-07","Japan/Korea","most-other","post",0.17953712385656,0.895866776728122,0.445319429192871
"2023-08","Japan/Korea","most-other","post",0.150554458211183,0.968910968537935,0.515986073856862
"2023-09","Japan/Korea","most-other","post",0.119825708454374,0.884378294287407,0.575013623259905
"2023-10","Japan/Korea","most-other","post",0.0980269210794837,0.957745058242384,0.612650533964431
"2023-11","Japan/Korea","most-other","post",0.0926310145868183,0.900186223844402,0.637396456903708
"2023-12","Japan/Korea","most-other","post",0.0958411204333519,0.90238538628201,0.657295996027897
"2017-01","North America","most-other","pre",0.190223588278243,0.708099947878488,0.362648417182886
"2017-02","North America","most-other","pre",0.194511573621866,0.662466799642598,0.371341804662458
"2017-03","North America","most-other","pre",0.206996152716044,0.780781845974885,0.370064428098524
"2017-04","North America","most-other","pre",0.221853963131278,0.787654108151304,0.389454367168607
"2017-05","North America","most-other","pre",0.220226388936852,0.817315380900896,0.403710678987949
"2017-06","North America","most-other","pre",0.212379820268563,0.848081782486627,0.418047494022671
"2017-07","North America","most-other","pre",0.209341247481713,0.883593867976797,0.407512382678629
"2017-08","North America","most-other","pre",0.210987233759914,0.869107945220902,0.402894367156455
"2017-09","North America","most-other","pre",0.211117291471286,0.763870845979097,0.421664587871279
"2017-10","North America","most-other","pre",0.208061753150107,0.822632774712611,0.465494234724217
"2017-11","North America","most-other","pre",0.20824453909863,0.784492251264506,0.520725963264974
"2017-12","North America","most-other","pre",0.211577581925704,0.794679168533414,0.574463168622904
"2018-01","North America","most-other","pre",0.215431361025681,0.749931697265159,0.60452092664842
"2018-02","North America","most-other","pre",0.225364767138166,0.72205907508311,0.606355873521704
"2018-03","North America","most-other","pre",0.237056094405922,0.88493777702463,0.579031268076222
"2018-04","North America","most-other","pre",0.234019379688629,0.848280835977526,0.562187046641715
"2018-05","North America","most-other","pre",0.224207823152901,0.884732127245621,0.54994204726927
"2018-06","North America","most-other","pre",0.214186812805924,0.914285448421829,0.545765062240014
"2018-07","North America","most-other","pre",0.220454954685707,0.957024586993466,0.543508881926678
"2018-08","North America","most-other","pre",0.217101493282293,0.908293540130442,0.59049111742156
"2018-09","North America","most-other","pre",0.202780531927162,0.819084594767334,0.663068709176343
"2018-10","North America","most-other","pre",0.198876727552303,0.879273055459301,0.73826078277783
"2018-11","North America","most-other","pre",0.220277669762058,0.84525682390407,0.782788283963124
"2018-12","North America","most-other","pre",0.25888524410788,0.827161228085814,0.828968815327638
"2019-01","North America","most-other","pre",0.285938808193714,0.775220741666318,0.864543473045118
"2019-02","North America","most-other","pre",0.298674192551149,0.739504970384359,0.870574944454324
"2019-03","North America","most-other","pre",0.284264327780798,0.905207398337148,0.811409547723973
"2019-04","North America","most-other","pre",0.262067926757468,0.870721340404753,0.697213668193068
"2019-05","North America","most-other","pre",0.239497736355706,0.914544965629614,0.555901117899604
"2019-06","North America","most-other","pre",0.232484264350803,0.92703188801437,0.426638663108181
"2019-07","North America","most-other","pre",0.222721964058187,0.965401127932759,0.33927853618233
"2019-08","North America","most-other","pre",0.218635683078062,0.942478850668178,0.293010687929892
"2019-09","North America","most-other","pre",0.216703586394886,0.847092813335977,0.279844852819398
"2019-10","North America","most-other","pre",0.225962383057059,0.902494359936633,0.274195478470994
"2019-11","North America","most-other","pre",0.236916963395969,0.843092537077471,0.26997469730031
"2019-12","North America","most-other","pre",0.252429074029472,0.90550415003367,0.260392828918201
"2020-01","North America","most-other","pre",0.275214407508485,0.818016172175093,0.277566148527883
"2020-02","North America","most-other","pre",0.284837076927088,0.810614121059983,0.334984590186923
"2020-03","North America","most-other","pre",0.270724943363807,0.576070419425454,0.281356818655286
"2020-04","North America","most-other","pan1",0.261008014065239,0.0846304170881733,0.204679319454583
"2020-05","North America","most-other","pan1",0.270804663740655,0.114839561003617,0.0884658433220609
"2020-06","North America","most-other","pan1",0.315077985740268,0.203173868361738,0.0888029724850332
"2020-07","North America","most-other","pan1",0.35935130773988,0.263558375612447,0.0863280151468825
"2020-08","North America","most-other","pan1",0.357646247837031,0.264343997589795,0.0811617885528963
"2020-09","North America","most-other","pan1",0.309962806031721,0.259599153459203,0.0745660574242196
"2020-10","North America","most-other","pan1",0.269256213641595,0.299860322583411,0.074344059066796
"2020-11","North America","most-other","pan1",0.260078128493497,0.292864315667413,0.0707960689708386
"2020-12","North America","most-other","pan1",0.282428550587426,0.315044706918318,0.0682807310699313
"2021-01","North America","most-other","pan1",0.279892171508201,0.282414007395238,0.0567175273377556
"2021-02","North America","most-other","pan1",0.273895715331438,0.2856036309979,0.0512660978383426
"2021-03","North America","most-other","pan1",0.267285948733577,0.430359742455448,0.0475163179048614
"2021-04","North America","most-other","pan2",0.262548700358373,0.479034185852327,0.0540479373375134
"2021-05","North America","most-other","pan2",0.259683970205825,0.567091151125552,0.0722346980871326
"2021-06","North America","most-other","pan2",0.259546215364912,0.658440720655447,0.0850895978971436
"2021-07","North America","most-other","pan2",0.273786939013296,0.754268072688278,0.102129960551231
"2021-08","North America","most-other","pan2",0.302416849436726,0.715192704868349,0.125536701800301
"2021-09","North America","most-other","pan2",0.312166609419835,0.624511134798452,0.178883672451303
"2021-10","North America","most-other","pan2",0.30303586511783,0.702998064416099,0.247528514243728
"2021-11","North America","most-other","pan2",0.273837566951787,0.697767153765747,0.299515474955883
"2021-12","North America","most-other","pan2",0.254923807814442,0.724725641482585,0.339937213517562
"2022-01","North America","most-other","pan2",0.237169111679528,0.58188800692017,0.33122928269279
"2022-02","North America","most-other","pan2",0.220494850507059,0.597442921147362,0.310112327000529
"2022-03","North America","most-other","pan2",0.209481992605775,0.775459901130716,0.255949789621017
"2022-04","North America","most-other","pan2",0.200969221382547,0.781901196787442,0.237076092465447
"2022-05","North America","most-other","pan2",0.191844434695468,0.840647169817889,0.244843533605564
"2022-06","North America","most-other","pan2",0.191257183434867,0.853496156632776,0.286956634635681
"2022-07","North America","most-other","pan2",0.196192082884707,0.887024723388992,0.325061265847641
"2022-08","North America","most-other","pan2",0.213591939865602,0.858977915857668,0.350356566700768
"2022-09","North America","most-other","pan2",0.224702259195204,0.800514756986854,0.361566481355664
"2022-10","North America","most-other","pan2",0.235527760498725,0.840007343415938,0.368144672569755
"2022-11","North America","most-other","pan2",0.237275108213678,0.791386794537315,0.383386222477521
"2022-12","North America","most-other","pan2",0.237016840433275,0.822345287617869,0.383941082807419
"2023-01","North America","most-other","pan2",0.235893908082112,0.736568525051422,0.357355284853896
"2023-02","North America","most-other","pan2",0.238217201015416,0.710077059950683,0.344459338618132
"2023-03","North America","most-other","pan2",0.236395823398371,0.870414348885209,0.278697106320337
"2023-04","North America","most-other","post",0.215896359304277,0.853062142546707,0.224896237699845
"2023-05","North America","most-other","post",0.194780353230165,0.888072056821916,0.137341918438738
"2023-06","North America","most-other","post",0.179626929808469,0.925412573779381,0.113743102753076
"2023-07","North America","most-other","post",0.170583686446589,1,0.102211610011146
"2023-08","North America","most-other","post",0.157971764637988,0.95610763522245,0.0977973585650011
"2023-09","North America","most-other","post",0.143235830007784,0.85153715387722,0.101159184607352
"2023-10","North America","most-other","post",0.138673446282076,0.913398444069728,0.117224181992262
"2023-11","North America","most-other","post",0.133299866393215,0.842503246098394,0.15333187836417
"2023-12","North America","most-other","post",0.123849654365749,0.846711190302086,0.217218687763107
"2017-01","North China","most-other","pre",0.200262583176776,0.690020610642764,0.38654052127856
"2017-02","North China","most-other","pre",0.221563123296667,0.650728666883522,0.37452016679633
"2017-03","North China","most-other","pre",0.212426902060737,0.697893983476849,0.35665318525896
"2017-04","North China","most-other","pre",0.194111334019834,0.699668119520268,0.318952696119179
"2017-05","North China","most-other","pre",0.19131035554973,0.738179046229282,0.28013480128042
"2017-06","North China","most-other","pre",0.199927108044756,0.735857595875537,0.229209417403732
"2017-07","North China","most-other","pre",0.198704176954064,0.843774189127731,0.189169520586757
"2017-08","North China","most-other","pre",0.207349438192812,0.86519229697698,0.16388465625178
"2017-09","North China","most-other","pre",0.213030687270829,0.790131833569766,0.160035843512914
"2017-10","North China","most-other","pre",0.207932728502143,0.798730597872411,0.174537803486056
"2017-11","North China","most-other","pre",0.191113059135641,0.743685272906069,0.202933458161109
"2017-12","North China","most-other","pre",0.17705148504782,0.756548994560552,0.231706092653097
"2018-01","North China","most-other","pre",0.189268825625118,0.776391985473723,0.249177674378107
"2018-02","North China","most-other","pre",0.199566036753637,0.745896036823194,0.24673296372944
"2018-03","North China","most-other","pre",0.21345774845392,0.801812782175117,0.232190548617163
"2018-04","North China","most-other","pre",0.215238337025497,0.804802821901759,0.219980814752695
"2018-05","North China","most-other","pre",0.214341473418225,0.828081045437159,0.213496745404421
"2018-06","North China","most-other","pre",0.213444609810952,0.801046212716742,0.209741459769018
"2018-07","North China","most-other","pre",0.21254774620368,0.895869052298212,0.201637526212461
"2018-08","North China","most-other","pre",0.211650882596407,0.908347959755315,0.195656060288862
"2018-09","North China","most-other","pre",0.210754018989135,0.834856448350847,0.188073980854791
"2018-10","North China","most-other","pre",0.209857155381863,0.862319908649806,0.183721906316628
"2018-11","North China","most-other","pre",0.23327559347442,0.809751945671784,0.191427229226694
"2018-12","North China","most-other","pre",0.2382789190201,0.82068190186405,0.204875191715215
"2019-01","North China","most-other","pre",0.237049620042366,0.855630861863327,0.222869280395567
"2019-02","North China","most-other","pre",0.214737433455451,0.798178436324427,0.236169420419721
"2019-03","North China","most-other","pre",0.202111724903144,0.824684073050036,0.240881220889026
"2019-04","North China","most-other","pre",0.208207962378192,0.843996503212166,0.217965430023011
"2019-05","North China","most-other","pre",0.21157016413145,0.882532419078426,0.196449604114481
"2019-06","North China","most-other","pre",0.224159378765836,0.868783488294345,0.186441719579351
"2019-07","North China","most-other","pre",0.224757650265142,0.982667078164201,0.20217942027242
"2019-08","North China","most-other","pre",0.225355921764448,0.991921678428042,0.215716181076322
"2019-09","North China","most-other","pre",0.225954193263754,0.904155616847229,0.230521824619494
"2019-10","North China","most-other","pre",0.232321985520888,0.904754838955,0.2497029312648
"2019-11","North China","most-other","pre",0.240895143940789,0.843505332149666,0.281346320768545
"2019-12","North China","most-other","pre",0.259811929666793,0.862233270159238,0.321704302106989
"2020-01","North China","most-other","pre",0.264696196916643,0.900124738719772,0.367139183845272
"2020-02","North China","most-other","pre",0.267437139247796,0.30007996530319,0.324701951552028
"2020-03","North China","most-other","pre",0.258908273550056,0.317698591797457,0.256503155557637
"2020-04","North China","most-other","pan1",0.257716224847851,0.236293188416928,0.163470850265783
"2020-05","North China","most-other","pan1",0.255535954178786,0.355257248079176,0.128418632930668
"2020-06","North China","most-other","pan1",0.253355683509722,0.433351799896994,0.0904574517161347
"2020-07","North China","most-other","pan1",0.251175412840657,0.568079170544457,0.0580630271749596
"2020-08","North China","most-other","pan1",0.248995142171593,0.664330486357708,0.0392985453990428
"2020-09","North China","most-other","pan1",0.246814871502528,0.706679201717372,0.034471704459575
"2020-10","North China","most-other","pan1",0.244634600833464,0.729149018956746,0.0351861648880874
"2020-11","North China","most-other","pan1",0.242454330164399,0.626468148283683,0.0338105310606843
"2020-12","North China","most-other","pan1",0.240274059495335,0.642788373933419,0.03057097608803
"2021-01","North China","most-other","pan1",0.23809378882627,0.496809246985865,0.0249273826345434
"2021-02","North China","most-other","pan1",0.235913518157206,0.393606427644201,0.0168372480285634
"2021-03","North China","most-other","pan1",0.233733247488141,0.794747674455378,0.0118117633834947
"2021-04","North China","most-other","pan2",0.231552976819077,0.853352566042907,0.00971118859259646
"2021-05","North China","most-other","pan2",0.229372706150012,0.914272884232529,0.0118682718287942
"2021-06","North China","most-other","pan2",0.227192435480948,0.803263753354477,0.0130517941176146
"2021-07","North China","most-other","pan2",0.225012164811883,0.973659451718125,0.012157402613012
"2021-08","North China","most-other","pan2",0.222831894142819,0.426456533737527,0.00905161748933292
"2021-09","North China","most-other","pan2",0.220651623473754,0.632380695833672,0.00636629144848959
"2021-10","North China","most-other","pan2",0.21847135280469,0.625063202331794,0.00537603408026936
"2021-11","North China","most-other","pan2",0.216291082135625,0.343693150843777,0.0088901509922477
"2021-12","North China","most-other","pan2",0.21411081146656,0.472749441673519,0.0195752491857494
"2022-01","North China","most-other","pan2",0.207285759903461,0.450845433544466,0.0430746397917385
"2022-02","North China","most-other","pan2",0.195815927446327,0.482010630415729,0.0675354775369771
"2022-03","North China","most-other","pan2",0.209389553829074,0.296833539646827,0.0961471000737039
"2022-04","North China","most-other","pan2",0.252651419945739,0.178278859794168,0.12243702509423
"2022-05","North China","most-other","pan2",0.325601525796319,0.238711771766074,0.161664706317034
"2022-06","North China","most-other","pan2",0.371924184054198,0.389169228643541,0.206329994880639
"2022-07","North China","most-other","pan2",0.393725896697489,0.59834640487442,0.252391399277889
"2022-08","North China","most-other","pan2",0.387016496953542,0.546179256684105,0.290530257089621
"2022-09","North China","most-other","pan2",0.384304231148896,0.346686061264566,0.322026055519619
"2022-10","North China","most-other","pan2",0.382902379982099,0.25037596681214,0.342481131399856
"2022-11","North China","most-other","pan2",0.388412010195909,0.217846390191525,0.337200592930387
"2022-12","North China","most-other","pan2",0.365068465613263,0.360527701351429,0.33683067485749
"2023-01","North China","most-other","pan2",0.323008910837762,0.640456052590364,0.35914173991698
"2023-02","North China","most-other","pan2",0.273569609463016,0.66325515256657,0.418920192833622
"2023-03","North China","most-other","pan2",0.242741163691736,0.69426627316509,0.462529642843709
"2023-04","North China","most-other","post",0.231030810501586,0.774792914712712,0.378788913202849
"2023-05","North China","most-other","post",0.249622364229374,0.817528467873826,0.270649966655891
"2023-06","North China","most-other","post",0.261807714537901,0.845906314849451,0.157029183682519
"2023-07","North China","most-other","post",0.257522677169239,0.994405299470813,0.142933270592585
"2023-08","North China","most-other","post",0.212636274222861,1,0.131950433604649
"2023-09","North China","most-other","post",0.167749871276484,0.848165362900918,0.137959564917242
"2023-10","North China","most-other","post",0.13994015702288,0.850446152931007,0.165225784526367
"2023-11","North China","most-other","post",0.124290939337565,0.731999194699701,0.20558761564673
"2023-12","North China","most-other","post",0.120802218220538,0.767747243004165,0.228993989330068
"2017-01","Oceania","most-tropical","pre",0.178460526546531,0.932044120467569,0.292627428921637
"2017-02","Oceania","most-tropical","pre",0.194333347561597,0.857532984438544,0.301338374347677
"2017-03","Oceania","most-tropical","pre",0.200431652231133,0.963297573965854,0.307171692794553
"2017-04","Oceania","most-tropical","pre",0.190979760445988,0.919193991783454,0.297983205673211
"2017-05","Oceania","most-tropical","pre",0.185676853725072,0.905621517898452,0.288967813049719
"2017-06","Oceania","most-tropical","pre",0.207871460068393,0.889895050916428,0.2590562688019
"2017-07","Oceania","most-tropical","pre",0.233704431133046,0.978982118608313,0.232911584879931
"2017-08","Oceania","most-tropical","pre",0.23395795814547,0.956237036826563,0.210723938951578
"2017-09","Oceania","most-tropical","pre",0.216628575162214,0.93808594475544,0.218897699742109
"2017-10","Oceania","most-tropical","pre",0.204107264221795,0.974238838788458,0.229355845109218
"2017-11","Oceania","most-tropical","pre",0.201407860500521,0.944187624828133,0.232512768213546
"2017-12","Oceania","most-tropical","pre",0.196470229329636,0.982425456548834,0.219797661562568
"2018-01","Oceania","most-tropical","pre",0.197610494158028,0.981202255841092,0.214029575349309
"2018-02","Oceania","most-tropical","pre",0.20178886131362,0.882698964879211,0.208225634147711
"2018-03","Oceania","most-tropical","pre",0.198031189985658,0.968828877318582,0.215971384983246
"2018-04","Oceania","most-tropical","pre",0.189471306921238,0.939229725919896,0.228941642320472
"2018-05","Oceania","most-tropical","pre",0.184068298641558,0.915401533915114,0.241984185667263
"2018-06","Oceania","most-tropical","pre",0.18517980795324,0.891220961356104,0.248525289257182
"2018-07","Oceania","most-tropical","pre",0.186541292023381,0.993580641754161,0.253223623082158
"2018-08","Oceania","most-tropical","pre",0.185217812131706,0.962701578038377,0.278433647282678
"2018-09","Oceania","most-tropical","pre",0.182202966784548,0.938882469207168,0.301236854849027
"2018-10","Oceania","most-tropical","pre",0.179923222269606,0.994142401104328,0.277423250844099
"2018-11","Oceania","most-tropical","pre",0.172711548685481,0.953454441537958,0.231334774133201
"2018-12","Oceania","most-tropical","pre",0.163324458596898,0.990645845082748,0.156701097300795
"2019-01","Oceania","most-tropical","pre",0.170425837946447,0.98959161469364,0.125531396466192
"2019-02","Oceania","most-tropical","pre",0.189449849968752,0.901334609325135,0.119534648336031
"2019-03","Oceania","most-tropical","pre",0.213093614390965,0.973306416085974,0.162479984461276
"2019-04","Oceania","most-tropical","pre",0.220916491943569,0.948377296863848,0.220077726281043
"2019-05","Oceania","most-tropical","pre",0.224048166661791,0.933135848060399,0.281887621773864
"2019-06","Oceania","most-tropical","pre",0.230692459889181,0.895077467243223,0.338572061395344
"2019-07","Oceania","most-tropical","pre",0.247005219169628,1,0.386935782075689
"2019-08","Oceania","most-tropical","pre",0.255864213263988,0.957867233580912,0.422276313478811
"2019-09","Oceania","most-tropical","pre",0.25839867116179,0.946905007588526,0.427445329241319
"2019-10","Oceania","most-tropical","pre",0.244502466697686,0.979584402886726,0.375639479819369
"2019-11","Oceania","most-tropical","pre",0.240933615697755,0.949125261272248,0.299766996556596
"2019-12","Oceania","most-tropical","pre",0.249029957688003,0.992606529613999,0.235713736711991
"2020-01","Oceania","most-tropical","pre",0.277372539249815,0.981039806775279,0.242131797196353
"2020-02","Oceania","most-tropical","pre",0.295943839111812,0.828328019482709,0.27363209329168
"2020-03","Oceania","most-tropical","pre",0.280070787232299,0.673399006230941,0.269108470368592
"2020-04","Oceania","most-tropical","pan1",0.260292983950594,0.0533419848620761,0.256400809424583
"2020-05","Oceania","most-tropical","pan1",0.250868048435155,0.0526587671781153,0.251533442604192
"2020-06","Oceania","most-tropical","pan1",0.275204755129268,0.095603429573439,0.265212961122874
"2020-07","Oceania","most-tropical","pan1",0.297808174041621,0.180271882675209,0.322577046508141
"2020-08","Oceania","most-tropical","pan1",0.318678305172215,0.14651985773887,0.385865578858767
"2020-09","Oceania","most-tropical","pan1",0.337815148521049,0.183029790363847,0.488307641819254
"2020-10","Oceania","most-tropical","pan1",0.356951991869883,0.221083629594237,0.54120321346919
"2020-11","Oceania","most-tropical","pan1",0.376088835218717,0.222938809570917,0.551778580691101
"2020-12","Oceania","most-tropical","pan1",0.36574539766612,0.354890887212953,0.395929406060257
"2021-01","Oceania","most-tropical","pan1",0.325921679212092,0.319975750255581,0.243238394672767
"2021-02","Oceania","most-tropical","pan1",0.293681361736027,0.302175059072652,0.138318866872497
"2021-03","Oceania","most-tropical","pan1",0.279646347595203,0.431549029282405,0.207652586821174
"2021-04","Oceania","most-tropical","pan2",0.283355092256479,0.543367670446625,0.267969508734682
"2021-05","Oceania","most-tropical","pan2",0.267743913840462,0.537084792706258,0.304337780748881
"2021-06","Oceania","most-tropical","pan2",0.251671190891305,0.474335434845872,0.297317698005615
"2021-07","Oceania","most-tropical","pan2",0.267603288501467,0.357353242407661,0.258837022489555
"2021-08","Oceania","most-tropical","pan2",0.280957369638469,0.222386366296209,0.236880844444387
"2021-09","Oceania","most-tropical","pan2",0.283549669640717,0.180040727552887,0.243461389666587
"2021-10","Oceania","most-tropical","pan2",0.272318621320798,0.195639447850182,0.2788111213423
"2021-11","Oceania","most-tropical","pan2",0.245041908768798,0.239371085719889,0.288940612776002
"2021-12","Oceania","most-tropical","pan2",0.227286456571624,0.41151783673275,0.318724982799599
"2022-01","Oceania","most-tropical","pan2",0.205670870008102,0.41771803430342,0.361326352945542
"2022-02","Oceania","most-tropical","pan2",0.198607316128381,0.359537978553696,0.431762113100651
"2022-03","Oceania","most-tropical","pan2",0.193611431705977,0.473842381552214,0.496186474781432
"2022-04","Oceania","most-tropical","pan2",0.17924829484578,0.621439294065066,0.571582006791204
"2022-05","Oceania","most-tropical","pan2",0.175897957476777,0.638307446094567,0.631292741346653
"2022-06","Oceania","most-tropical","pan2",0.178815272770362,0.698679690850694,0.637551302590319
"2022-07","Oceania","most-tropical","pan2",0.187244356256758,0.783153321524431,0.663911531571354
"2022-08","Oceania","most-tropical","pan2",0.201458184633121,0.718934585662304,0.622837289974571
"2022-09","Oceania","most-tropical","pan2",0.218585495226222,0.741667789447844,0.453406660051753
"2022-10","Oceania","most-tropical","pan2",0.233648093611604,0.772479428067495,0.244824895454981
"2022-11","Oceania","most-tropical","pan2",0.239276738911572,0.761183220769911,0.103725541438815
"2022-12","Oceania","most-tropical","pan2",0.245207228558662,0.820736116689435,0.13025149122194
"2023-01","Oceania","most-tropical","pan2",0.238094674763692,0.799827932086276,0.153516554096828
"2023-02","Oceania","most-tropical","pan2",0.227194262116781,0.729339477440366,0.176246299299347
"2023-03","Oceania","most-tropical","pan2",0.212380662928892,0.858110231764161,0.191324725293686
"2023-04","Oceania","most-tropical","post",0.198352154772345,0.851900368765202,0.216714980556105
"2023-05","Oceania","most-tropical","post",0.18767206161504,0.829993035069085,0.220430804769294
"2023-06","Oceania","most-tropical","post",0.172422679880597,0.811218930451654,0.217934474739318
"2023-07","Oceania","most-tropical","post",0.158877707157528,0.890906660260312,0.201497999249905
"2023-08","Oceania","most-tropical","post",0.14220092638472,0.88782897828155,0.192673713077604
"2023-09","Oceania","most-tropical","post",0.133369041834043,0.892920446421678,0.196242978396297
"2023-10","Oceania","most-tropical","post",0.138598744339589,0.929748988827347,0.206188872122415
"2023-11","Oceania","most-tropical","post",0.151176290787626,0.900430833554687,0.238801173808743
"2023-12","Oceania","most-tropical","post",0.161149823542167,0.924901136060467,0.24267801094898
"2017-01","Russia","most-other","pre",0.173255940056217,0.530321099213404,0.495473404999574
"2017-02","Russia","most-other","pre",0.183233125695891,0.485338717794982,0.558415307773043
"2017-03","Russia","most-other","pre",0.174629101395829,0.535320890329436,0.529026360952527
"2017-04","Russia","most-other","pre",0.17399814095999,0.550655635278639,0.459362291292266
"2017-05","Russia","most-other","pre",0.171321763234167,0.614343142084727,0.357920979002105
"2017-06","Russia","most-other","pre",0.194043566932129,0.706807800479588,0.316229579925608
"2017-07","Russia","most-other","pre",0.200341166311503,0.758568206286169,0.27924249222973
"2017-08","Russia","most-other","pre",0.20305303721005,0.759633688112049,0.249494605271944
"2017-09","Russia","most-other","pre",0.196190929034979,0.701757553180643,0.210569570774314
"2017-10","Russia","most-other","pre",0.202442235056972,0.637536090347119,0.187586068772702
"2017-11","Russia","most-other","pre",0.194294706798852,0.561296450789425,0.190416004087899
"2017-12","Russia","most-other","pre",0.197612387776449,0.560802882853357,0.22141489139825
"2018-01","Russia","most-other","pre",0.191245408453235,0.572509411640403,0.255656754013488
"2018-02","Russia","most-other","pre",0.197111691057508,0.526103841833291,0.274929305009436
"2018-03","Russia","most-other","pre",0.197774375887282,0.608072804105837,0.301806257138658
"2018-04","Russia","most-other","pre",0.210903576917172,0.625049805228719,0.300512071255323
"2018-05","Russia","most-other","pre",0.210006380222965,0.691979700412942,0.30033770161953
"2018-06","Russia","most-other","pre",0.210606175914244,0.800345578562881,0.279836055666178
"2018-07","Russia","most-other","pre",0.208763438220649,0.840977965808067,0.27768583235701
"2018-08","Russia","most-other","pre",0.223726931477508,0.83446900248705,0.274060700405073
"2018-09","Russia","most-other","pre",0.210021688168799,0.781422195466558,0.259774225927645
"2018-10","Russia","most-other","pre",0.193452086317916,0.708174052074715,0.241343398832619
"2018-11","Russia","most-other","pre",0.16824273491303,0.631270265650646,0.222619540707001
"2018-12","Russia","most-other","pre",0.165065826024581,0.659147653885861,0.235967045649585
"2019-01","Russia","most-other","pre",0.15811700663093,0.659180404114679,0.28170356965045
"2019-02","Russia","most-other","pre",0.158351846355042,0.584217792030492,0.343126332992448
"2019-03","Russia","most-other","pre",0.156436747674564,0.675989372261436,0.308686588099333
"2019-04","Russia","most-other","pre",0.168057744795993,0.686827962122219,0.229538060391613
"2019-05","Russia","most-other","pre",0.218835748244984,0.765756939374235,0.129531257888759
"2019-06","Russia","most-other","pre",0.256839389427387,0.833312560661698,0.107210159756567
"2019-07","Russia","most-other","pre",0.266382609134951,0.887066795769689,0.1085835847266
"2019-08","Russia","most-other","pre",0.216664318230885,0.879584583599357,0.122740885438142
"2019-09","Russia","most-other","pre",0.1899624119696,0.832329243720838,0.141924835809527
"2019-10","Russia","most-other","pre",0.176532320216633,0.737987407016256,0.163619420453609
"2019-11","Russia","most-other","pre",0.194645091744376,0.665866079801082,0.186901903166936
"2019-12","Russia","most-other","pre",0.203124352829518,0.680687699257079,0.213424425053095
"2020-01","Russia","most-other","pre",0.230027631231075,0.684303069923127,0.242779532795227
"2020-02","Russia","most-other","pre",0.248222280073992,0.603647241383421,0.302169818893094
"2020-03","Russia","most-other","pre",0.270600573215699,0.511858418099142,0.228398859572251
"2020-04","Russia","most-other","pan1",0.278849553031641,0.146794047697989,0.144326071717174
"2020-05","Russia","most-other","pan1",0.281830817624478,0.156405256191847,0.0230045340199076
"2020-06","Russia","most-other","pan1",0.284812082217315,0.257180140492695,0.0240800700258449
"2020-07","Russia","most-other","pan1",0.287793346810152,0.480148443015933,0.0233988819499073
"2020-08","Russia","most-other","pan1",0.290774611402989,0.581639087617972,0.0224331551164252
"2020-09","Russia","most-other","pan1",0.293755875995826,0.526871099844107,0.0206287961005412
"2020-10","Russia","most-other","pan1",0.296737140588664,0.441097209044016,0.0196476028063021
"2020-11","Russia","most-other","pan1",0.299718405181501,0.329465913203099,0.0204297134540509
"2020-12","Russia","most-other","pan1",0.302699669774338,0.383039385564046,0.0249571609589458
"2021-01","Russia","most-other","pan1",0.308173628553391,0.479579190805495,0.036441430904591
"2021-02","Russia","most-other","pan1",0.31614028151866,0.422596801517759,0.0566023238842231
"2021-03","Russia","most-other","pan1",0.326599628670145,0.525425807944095,0.0912971359978734
"2021-04","Russia","most-other","pan2",0.33705897582163,0.562559359789732,0.140822674754811
"2021-05","Russia","most-other","pan2",0.334317340580238,0.696821873819965,0.20211197005047
"2021-06","Russia","most-other","pan2",0.318374722945969,0.854096804815927,0.270525260107593
"2021-07","Russia","most-other","pan2",0.310176939107864,0.951451662571731,0.341257200152696
"2021-08","Russia","most-other","pan2",0.30356091104413,1,0.412740697286909
"2021-09","Russia","most-other","pan2",0.296841974746446,0.864099280177745,0.479273130128238
"2021-10","Russia","most-other","pan2",0.271853913767722,0.762535150079949,0.537105724623094
"2021-11","Russia","most-other","pan2",0.25095965743869,0.630562143212006,0.585214589010936
"2021-12","Russia","most-other","pan2",0.235863123597004,0.646682662202452,0.625796564378434
"2022-01","Russia","most-other","pan2",0.217548069126433,0.632280662286005,0.490867983759803
"2022-02","Russia","most-other","pan2",0.20484042394191,0.54012996633207,0.301931954417499
"2022-03","Russia","most-other","pan2",0.194000909698292,0.513920756713132,0.108071261473241
"2022-04","Russia","most-other","pan2",0.195000818580321,0.5041491531057,0.0850498507784008
"2022-05","Russia","most-other","pan2",0.196015351757,0.651318960496165,0.114186268622336
"2022-06","Russia","most-other","pan2",0.200764533744141,0.810669307052606,0.145985624812075
"2022-07","Russia","most-other","pan2",0.205513715731282,0.956397410023954,0.169490716022013
"2022-08","Russia","most-other","pan2",0.210262897718423,0.970829151314274,0.184111279760353
"2022-09","Russia","most-other","pan2",0.215012079705564,0.895335129156834,0.197969387266879
"2022-10","Russia","most-other","pan2",0.226130547052514,0.710816752517399,0.223408050649721
"2022-11","Russia","most-other","pan2",0.243125955772917,0.560259437360327,0.228810455597354
"2022-12","Russia","most-other","pan2",0.25343282417037,0.548569573000665,0.206491002079457
"2023-01","Russia","most-other","pan2",0.252114835306887,0.537827150772911,0.146221966046811
"2023-02","Russia","most-other","pan2",0.24518605735478,0.481084659804394,0.106907476483753
"2023-03","Russia","most-other","pan2",0.229729770156017,0.565284688018196,0.08794321862771
"2023-04","Russia","most-other","post",0.204313005288772,0.558573552789955,0.0951136171461493
"2023-05","Russia","most-other","post",0.170767609441232,0.668253027573494,0.103299963418428
"2023-06","Russia","most-other","post",0.169562155373479,0.79760150285361,0.114540785482163
"2023-07","Russia","most-other","post",0.192924429035994,0.898339470818794,0.123072198219678
"2023-08","Russia","most-other","post",0.192697082420496,0.903646396589532,0.134401545799712
"2023-09","Russia","most-other","post",0.176029217522124,0.786912777114094,0.158555542117203
"2023-10","Russia","most-other","post",0.14341748568879,0.670096761303255,0.204655056698429
"2023-11","Russia","most-other","post",0.141609064194078,0.560296932321941,0.265053588352121
"2023-12","Russia","most-other","post",0.138468480137204,0.591426661301647,0.329253019166476
"2017-01","South America","most-other","pre",0.145726157553325,0.87722944867811,0.391292117658123
"2017-02","South America","most-other","pre",0.153005686599768,0.726798400565724,0.382716220646352
"2017-03","South America","most-other","pre",0.156601593170373,0.811322062936761,0.380721332419987
"2017-04","South America","most-other","pre",0.160417318246365,0.786471327179747,0.370041768129235
"2017-05","South America","most-other","pre",0.175132324762398,0.822174069272407,0.362976293071144
"2017-06","South America","most-other","pre",0.189453978462504,0.789805704955544,0.328133129807383
"2017-07","South America","most-other","pre",0.210025685846526,0.863766604479221,0.317607334781971
"2017-08","South America","most-other","pre",0.225490039463024,0.852551534611769,0.319541771155065
"2017-09","South America","most-other","pre",0.245487644895071,0.825499305781133,0.357868599353203
"2017-10","South America","most-other","pre",0.255110218760151,0.843155001969109,0.383316463171565
"2017-11","South America","most-other","pre",0.247530253338683,0.82376028033219,0.393734413724563
"2017-12","South America","most-other","pre",0.230480323620546,0.874745956139166,0.387708177775419
"2018-01","South America","most-other","pre",0.213859126195405,0.896905939811368,0.388242388656988
"2018-02","South America","most-other","pre",0.20056307502627,0.782443420443668,0.402029458601756
"2018-03","South America","most-other","pre",0.195337320268218,0.850166238828538,0.419867672667572
"2018-04","South America","most-other","pre",0.191222110264992,0.809435052447301,0.430552274168148
"2018-05","South America","most-other","pre",0.190975754206495,0.851008615213023,0.440374420673515
"2018-06","South America","most-other","pre",0.193911343417594,0.821807096267891,0.461169891861906
"2018-07","South America","most-other","pre",0.18935355775969,0.93944376252253,0.498142347575252
"2018-08","South America","most-other","pre",0.193282182195791,0.88801050958252,0.517906693019878
"2018-09","South America","most-other","pre",0.193925591778241,0.850118060326613,0.52047936942431
"2018-10","South America","most-other","pre",0.206729347133336,0.895894593716672,0.500784607548627
"2018-11","South America","most-other","pre",0.197255800301901,0.877744924153355,0.465695141335512
"2018-12","South America","most-other","pre",0.179605612000881,0.963213241614037,0.423785389181936
"2019-01","South America","most-other","pre",0.170082945898444,0.98958194513515,0.395737792998409
"2019-02","South America","most-other","pre",0.176071675339954,0.852762761122594,0.327543639071322
"2019-03","South America","most-other","pre",0.197735887037573,0.902792168406286,0.282884580550838
"2019-04","South America","most-other","pre",0.210226927330932,0.848503103143963,0.235245502417137
"2019-05","South America","most-other","pre",0.229398448524023,0.867522342923998,0.254126896982515
"2019-06","South America","most-other","pre",0.248876885435788,0.851182356779629,0.262469146125457
"2019-07","South America","most-other","pre",0.263992725802063,0.95613232415278,0.279521006803586
"2019-08","South America","most-other","pre",0.260684298547301,0.922764802097317,0.310286491156063
"2019-09","South America","most-other","pre",0.265701796069075,0.895973473077819,0.353946217723942
"2019-10","South America","most-other","pre",0.268298360221136,0.921046128903364,0.382752988818606
"2019-11","South America","most-other","pre",0.285047835840637,0.893149741428625,0.398191679073898
"2019-12","South America","most-other","pre",0.262592167585908,0.964453119385523,0.404179154467192
"2020-01","South America","most-other","pre",0.256203793827703,1,0.434521795517899
"2020-02","South America","most-other","pre",0.244115690435169,0.861771738536765,0.588109612798552
"2020-03","South America","most-other","pre",0.269675594718036,0.642515630704309,0.453748202157553
"2020-04","South America","most-other","pan1",0.298224179188505,0.0608821035262869,0.298074840793321
"2020-05","South America","most-other","pan1",0.345410181375932,0.0568547717126653,0.0165109859072887
"2020-06","South America","most-other","pan1",0.392596183563359,0.0608401341869015,0.0190678285267317
"2020-07","South America","most-other","pan1",0.419086345254422,0.118490828549499,0.0202310914851152
"2020-08","South America","most-other","pan1",0.424880666449123,0.14444737016095,0.0198889457455764
"2020-09","South America","most-other","pan1",0.409979147147461,0.197646899874379,0.0189504219118242
"2020-10","South America","most-other","pan1",0.395077627845799,0.289165528799303,0.016180631225713
"2020-11","South America","most-other","pan1",0.380176108544138,0.324219930836828,0.0131173105259001
"2020-12","South America","most-other","pan1",0.369262123634571,0.422708459696498,0.0110232330865788
"2021-01","South America","most-other","pan1",0.358217009738361,0.50136216377816,0.0109826874106122
"2021-02","South America","most-other","pan1",0.347040766855507,0.394510065454922,0.0115520521977165
"2021-03","South America","most-other","pan1",0.331745860593915,0.357233875581031,0.0125102454088293
"2021-04","South America","most-other","pan2",0.316450954332322,0.297580898776278,0.0161898880608484
"2021-05","South America","most-other","pan2",0.30115604807073,0.344860221977561,0.0253625644472464
"2021-06","South America","most-other","pan2",0.285861141809138,0.428496434043458,0.0415683683470077
"2021-07","South America","most-other","pan2",0.270566235547545,0.569904706602697,0.0652710840260884
"2021-08","South America","most-other","pan2",0.255271329285953,0.569625984195382,0.0936322189962116
"2021-09","South America","most-other","pan2",0.239976423024361,0.594642297620108,0.121739781959799
"2021-10","South America","most-other","pan2",0.224681516762769,0.655618688429398,0.159003363851913
"2021-11","South America","most-other","pan2",0.212459783112691,0.706073078393552,0.212339909917263
"2021-12","South America","most-other","pan2",0.199492622018753,0.790069134425494,0.283941130089814
"2022-01","South America","most-other","pan2",0.190680136491936,0.788898477317872,0.360498403069666
"2022-02","South America","most-other","pan2",0.178310003825579,0.669334843462988,0.430615133905883
"2022-03","South America","most-other","pan2",0.171823528581176,0.750596165842132,0.49231938592844
"2022-04","South America","most-other","pan2",0.16589540361035,0.701564881436616,0.528687839583691
"2022-05","South America","most-other","pan2",0.165617557320756,0.740958625705358,0.514095711569638
"2022-06","South America","most-other","pan2",0.168527015862632,0.706745565191895,0.486834369798412
"2022-07","South America","most-other","pan2",0.180533136791416,0.833243166327941,0.449934251077046
"2022-08","South America","most-other","pan2",0.201422053865947,0.821396831602338,0.454159284649342
"2022-09","South America","most-other","pan2",0.217334604557828,0.788071221394015,0.475061229709843
"2022-10","South America","most-other","pan2",0.226499649634192,0.822619001762137,0.545169254214042
"2022-11","South America","most-other","pan2",0.223156483461697,0.826169952827612,0.618675977302848
"2022-12","South America","most-other","pan2",0.219247965602371,0.919352234867322,0.751671200979325
"2023-01","South America","most-other","pan2",0.215613558789629,0.938444892245158,0.85601967800962
"2023-02","South America","most-other","pan2",0.216948278133834,0.793052349564353,0.947605623341322
"2023-03","South America","most-other","pan2",0.220837547322057,0.877428774294067,0.982740422768689
"2023-04","South America","most-other","post",0.216988742933072,0.830628361499743,0.863174333585194
"2023-05","South America","most-other","post",0.222612080633585,0.872514682082254,0.759272514632717
"2023-06","South America","most-other","post",0.192971835284022,0.881353482449055,0.457996255354697
"2023-07","South America","most-other","post",0.169410332904408,0.989823585043967,0.278536983470033
"2023-08","South America","most-other","post",0.150714611848152,0.963428492582063,0.091618574472652
"2023-09","South America","most-other","post",0.154130442233505,0.895701477263254,0.0848821956680668
"2023-10","South America","most-other","post",0.157142656407192,0.92807168133198,0.12149191554453
"2023-11","South America","most-other","post",0.1337288901851,0.928766245152685,0.174154105179944
"2023-12","South America","most-other","post",0.112550247211488,0.966341567181126,0.244026444332698
"2017-01","South China","most-tropical","pre",0.183668565743055,0.779981395293809,0.27441557965956
"2017-02","South China","most-tropical","pre",0.183011452701703,0.725160402933497,0.258712006230273
"2017-03","South China","most-tropical","pre",0.193871108752228,0.779295874087018,0.248552277988318
"2017-04","South China","most-tropical","pre",0.203966795969871,0.77550402491393,0.242581263285498
"2017-05","South China","most-tropical","pre",0.219373725878105,0.801299127809049,0.253438700614706
"2017-06","South China","most-tropical","pre",0.212353285061166,0.785492521898176,0.267305360524027
"2017-07","South China","most-tropical","pre",0.210810613395972,0.849650452160676,0.285511676950296
"2017-08","South China","most-tropical","pre",0.206329132226792,0.858851256167927,0.276994018244034
"2017-09","South China","most-tropical","pre",0.209927990995144,0.808699965150553,0.255257786844512
"2017-10","South China","most-tropical","pre",0.208472532809813,0.84371808105122,0.235899421982385
"2017-11","South China","most-tropical","pre",0.203795360988573,0.823965927245397,0.228249505292567
"2017-12","South China","most-tropical","pre",0.20566815685738,0.841348619627732,0.231809419067063
"2018-01","South China","most-tropical","pre",0.198256997789356,0.848644016117506,0.230694905722515
"2018-02","South China","most-tropical","pre",0.19407288280692,0.830359161014615,0.219474393284804
"2018-03","South China","most-tropical","pre",0.196880951390264,0.87607285547733,0.208475393314526
"2018-04","South China","most-tropical","pre",0.202851653852332,0.85802822597635,0.210020654271769
"2018-05","South China","most-tropical","pre",0.219783062466061,0.885044408656362,0.223886814009028
"2018-06","South China","most-tropical","pre",0.209209352987288,0.859569260629237,0.237102662052442
"2018-07","South China","most-tropical","pre",0.209586775131544,0.914569403846142,0.237769664711112
"2018-08","South China","most-tropical","pre",0.196878335607272,0.931473590906515,0.227398914371653
"2018-09","South China","most-tropical","pre",0.203068376367822,0.873263572863261,0.216196523155953
"2018-10","South China","most-tropical","pre",0.197984982258196,0.912949573950464,0.216570407028659
"2018-11","South China","most-tropical","pre",0.203122362319298,0.883449174707396,0.244466628203188
"2018-12","South China","most-tropical","pre",0.195457171834944,0.903180805945868,0.298628350464302
"2019-01","South China","most-tropical","pre",0.195526709551853,0.937171989181104,0.355606701544373
"2019-02","South China","most-tropical","pre",0.189791898996761,0.896832223679068,0.413864945206428
"2019-03","South China","most-tropical","pre",0.203231924073833,0.921460964987203,0.467653484814914
"2019-04","South China","most-tropical","pre",0.209899880562364,0.914627754356855,0.529933586876969
"2019-05","South China","most-tropical","pre",0.21964572017809,0.943101454440316,0.57617394675711
"2019-06","South China","most-tropical","pre",0.220660308939674,0.91538221167168,0.6060346838433
"2019-07","South China","most-tropical","pre",0.222827928916763,0.989837878463644,0.619521660384965
"2019-08","South China","most-tropical","pre",0.22408316363489,1,0.617479659019069
"2019-09","South China","most-tropical","pre",0.233624982935923,0.92226705303405,0.61766447668651
"2019-10","South China","most-tropical","pre",0.244012340819137,0.947303651180076,0.600434959180517
"2019-11","South China","most-tropical","pre",0.253207962372464,0.914559414985926,0.582212607518991
"2019-12","South China","most-tropical","pre",0.247256387019335,0.944489438998627,0.560928385674002
"2020-01","South China","most-tropical","pre",0.252492505247861,0.98695823276151,0.566726008796049
"2020-02","South China","most-tropical","pre",0.258433659427612,0.36747558618783,0.59589730102682
"2020-03","South China","most-tropical","pre",0.288635051122729,0.369149044587574,0.680282049397877
"2020-04","South China","most-tropical","pan1",0.285450841783683,0.259829090342261,0.77778131299264
"2020-05","South China","most-tropical","pan1",0.271787819150285,0.369193280968528,0.880309629970924
"2020-06","South China","most-tropical","pan1",0.243704987002368,0.440322994594911,0.957805253738541
"2020-07","South China","most-tropical","pan1",0.244529396191691,0.615645393490522,1.05785036896384
"2020-08","South China","most-tropical","pan1",0.257000586701249,0.709492006524879,1.1654610377675
"2020-09","South China","most-tropical","pan1",0.26963211790363,0.692721203179747,1.26278413881047
"2020-10","South China","most-tropical","pan1",0.293613911616087,0.717825051002861,1.33449498236763
"2020-11","South China","most-tropical","pan1",0.304640132742149,0.648213618184147,1.39649815373147
"2020-12","South China","most-tropical","pan1",0.317715250568316,0.638475828618764,1.45241816558625
"2021-01","South China","most-tropical","pan1",0.321489002584512,0.564001662976583,1.48951699178018
"2021-02","South China","most-tropical","pan1",0.340267223887208,0.438738450023631,1.23978470252528
"2021-03","South China","most-tropical","pan1",0.349656610907337,0.791967664321161,0.759903879564174
"2021-04","South China","most-tropical","pan2",0.349657163644898,0.809693428647989,0.28381623705019
"2021-05","South China","most-tropical","pan2",0.340268882099892,0.856372773470085,0.0916357733545324
"2021-06","South China","most-tropical","pan2",0.330880600554886,0.666905915003465,0.130728404778133
"2021-07","South China","most-tropical","pan2",0.321492319009879,0.796833225159599,0.182181211307904
"2021-08","South China","most-tropical","pan2",0.312104037464873,0.388467967256049,0.246921369414398
"2021-09","South China","most-tropical","pan2",0.315800316283846,0.559812049606185,0.320164328020967
"2021-10","South China","most-tropical","pan2",0.332581155466798,0.624292321685094,0.399047134795083
"2021-11","South China","most-tropical","pan2",0.362446555013728,0.424539972772183,0.477484781039734
"2021-12","South China","most-tropical","pan2",0.385086933894818,0.490073122607992,0.555475974607505
"2022-01","South China","most-tropical","pan2",0.400502292110068,0.499795500789042,0.632501286186229
"2022-02","South China","most-tropical","pan2",0.408692629659477,0.50823022408049,0.707958400902536
"2022-03","South China","most-tropical","pan2",0.413899652131479,0.318587354113345,0.779157352647858
"2022-04","South China","most-tropical","pan2",0.415463460731214,0.19350796213345,0.842487696201771
"2022-05","South China","most-tropical","pan2",0.415085499321855,0.257768012275972,0.904016417460145
"2022-06","South China","most-tropical","pan2",0.40833256080721,0.389319147871869,0.949920028603009
"2022-07","South China","most-tropical","pan2",0.397171426835584,0.561132343420854,0.957554922213717
"2022-08","South China","most-tropical","pan2",0.37995049165075,0.531248838957157,0.878343529421579
"2022-09","South China","most-tropical","pan2",0.363600274409788,0.366104829170253,0.748885807812968
"2022-10","South China","most-tropical","pan2",0.343938164022985,0.35137053388979,0.652214858538526
"2022-11","South China","most-tropical","pan2",0.343325395472688,0.3207732280696,0.563186400587178
"2022-12","South China","most-tropical","pan2",0.352959746684038,0.411688331163978,0.500457365076842
"2023-01","South China","most-tropical","pan2",0.336385921475687,0.688354748065897,0.390042851408257
"2023-02","South China","most-tropical","pan2",0.287768902590583,0.706323955185978,0.348629978326047
"2023-03","South China","most-tropical","pan2",0.22992460434293,0.77324882567327,0.341460771132222
"2023-04","South China","most-tropical","post",0.209185594523436,0.831943861256444,0.379349025016324
"2023-05","South China","most-tropical","post",0.191611240016509,0.846714479664964,0.396960446691304
"2023-06","South China","most-tropical","post",0.167326640856231,0.85141858419919,0.393542712632621
"2023-07","South China","most-tropical","post",0.132562645868714,0.970937268504921,0.376465425811514
"2023-08","South China","most-tropical","post",0.124956146612,0.975461054653439,0.346565828801913
"2023-09","South China","most-tropical","post",0.121061142930478,0.842317487178455,0.291871264193936
"2023-10","South China","most-tropical","post",0.120679774272927,0.884384157968661,0.24300706579443
"2023-11","South China","most-tropical","post",0.115984235184035,0.809221409598895,0.218927450669503
"2023-12","South China","most-tropical","post",0.126767736562506,0.849915714775854,0.212087424106446
"2017-01","South-eastern Asia","most-tropical","pre",0.20359330247017,0.858399381903644,0.276793606742419
"2017-02","South-eastern Asia","most-tropical","pre",0.221777584309934,0.780298726770133,0.297756300809915
"2017-03","South-eastern Asia","most-tropical","pre",0.224053738157096,0.854298531463835,0.326817388184612
"2017-04","South-eastern Asia","most-tropical","pre",0.214413056831948,0.841556586907,0.365287716099917
"2017-05","South-eastern Asia","most-tropical","pre",0.196905095679114,0.862237557927778,0.414245127246759
"2017-06","South-eastern Asia","most-tropical","pre",0.192449014214106,0.843742161757771,0.460952203729323
"2017-07","South-eastern Asia","most-tropical","pre",0.198795180199817,0.903985947990527,0.495715312243868
"2017-08","South-eastern Asia","most-tropical","pre",0.199316756918473,0.873297626801879,0.510080835027331
"2017-09","South-eastern Asia","most-tropical","pre",0.195159190820328,0.839386322992092,0.51173565658442
"2017-10","South-eastern Asia","most-tropical","pre",0.185933526950124,0.867728580100248,0.495345235215651
"2017-11","South-eastern Asia","most-tropical","pre",0.181140201070887,0.86131700321992,0.490251657489164
"2017-12","South-eastern Asia","most-tropical","pre",0.176680051078887,0.923719478300071,0.486142807206153
"2018-01","South-eastern Asia","most-tropical","pre",0.172505940283731,0.928902321955481,0.4869603083763
"2018-02","South-eastern Asia","most-tropical","pre",0.173433679204865,0.839642229974115,0.471387796059042
"2018-03","South-eastern Asia","most-tropical","pre",0.176025793648244,0.927944531051604,0.474545870045077
"2018-04","South-eastern Asia","most-tropical","pre",0.184300378649867,0.90471085955992,0.485401955852808
"2018-05","South-eastern Asia","most-tropical","pre",0.180359249629081,0.890411211010204,0.508619164101779
"2018-06","South-eastern Asia","most-tropical","pre",0.190744280427951,0.923269306163812,0.517567814271676
"2018-07","South-eastern Asia","most-tropical","pre",0.195010122996051,0.939770789778187,0.530934238919171
"2018-08","South-eastern Asia","most-tropical","pre",0.202777484683285,0.924653996581435,0.541778656655118
"2018-09","South-eastern Asia","most-tropical","pre",0.192225802686558,0.879584388933047,0.514383690896864
"2018-10","South-eastern Asia","most-tropical","pre",0.182425529588992,0.917337910854036,0.436967353028032
"2018-11","South-eastern Asia","most-tropical","pre",0.180923231835724,0.895397615358485,0.351721583926788
"2018-12","South-eastern Asia","most-tropical","pre",0.17845607381206,0.952205168255396,0.291150094416225
"2019-01","South-eastern Asia","most-tropical","pre",0.181932809780093,0.921979972254747,0.274235669871641
"2019-02","South-eastern Asia","most-tropical","pre",0.188370896829309,0.848156059592245,0.263649648202943
"2019-03","South-eastern Asia","most-tropical","pre",0.197645961436968,0.919483861002792,0.267257322052604
"2019-04","South-eastern Asia","most-tropical","pre",0.195958387860171,0.889619360029216,0.272334390473887
"2019-05","South-eastern Asia","most-tropical","pre",0.194751820717125,0.893184633932519,0.271029146216999
"2019-06","South-eastern Asia","most-tropical","pre",0.203349880461302,0.915393360755628,0.249217637373099
"2019-07","South-eastern Asia","most-tropical","pre",0.217252774467139,0.932318896049678,0.242952403906229
"2019-08","South-eastern Asia","most-tropical","pre",0.231419734382183,0.923388272135472,0.252029220066245
"2019-09","South-eastern Asia","most-tropical","pre",0.234607622269037,0.876442309297012,0.289701944706284
"2019-10","South-eastern Asia","most-tropical","pre",0.244075813139637,0.921815747156675,0.317217377931223
"2019-11","South-eastern Asia","most-tropical","pre",0.237899642353103,0.929131128581025,0.344377545491638
"2019-12","South-eastern Asia","most-tropical","pre",0.241008149348882,0.992522690117958,0.371633442498356
"2020-01","South-eastern Asia","most-tropical","pre",0.244637470268105,1,0.398779362317691
"2020-02","South-eastern Asia","most-tropical","pre",0.252613620789019,0.797401103373406,0.426269566846785
"2020-03","South-eastern Asia","most-tropical","pre",0.242695537854547,0.550494195670147,0.4552563847743
"2020-04","South-eastern Asia","most-tropical","pan1",0.232938148733846,0.133195832963447,0.507738061484278
"2020-05","South-eastern Asia","most-tropical","pan1",0.2358150398278,0.15694866766839,0.578647644470373
"2020-06","South-eastern Asia","most-tropical","pan1",0.257800483743844,0.192887904933297,0.669077492541241
"2020-07","South-eastern Asia","most-tropical","pan1",0.26951069650785,0.321499306858623,0.758734203570188
"2020-08","South-eastern Asia","most-tropical","pan1",0.260210043019173,0.271296554852637,0.84359364528105
"2020-09","South-eastern Asia","most-tropical","pan1",0.218391274801506,0.282033961064351,0.899942322431215
"2020-10","South-eastern Asia","most-tropical","pan1",0.18569467878101,0.292652309438791,0.920012950780099
"2020-11","South-eastern Asia","most-tropical","pan1",0.180411846783902,0.297766927563993,0.927204773379087
"2020-12","South-eastern Asia","most-tropical","pan1",0.21405002728649,0.346633616684658,0.961740109206576
"2021-01","South-eastern Asia","most-tropical","pan1",0.234360993821779,0.265276509224211,1.05221344477361
"2021-02","South-eastern Asia","most-tropical","pan1",0.246299691399863,0.236500370815556,1.14863270212674
"2021-03","South-eastern Asia","most-tropical","pan1",0.249594593220818,0.354360739796249,1.15723803212044
"2021-04","South-eastern Asia","most-tropical","pan2",0.293619925012453,0.352028976129853,1.06899368072415
"2021-05","South-eastern Asia","most-tropical","pan2",0.298143453582503,0.219032675282579,0.999061678157233
"2021-06","South-eastern Asia","most-tropical","pan2",0.325841965427584,0.222225648469425,0.740730627123986
"2021-07","South-eastern Asia","most-tropical","pan2",0.303680206632405,0.137523958935213,0.542659858787631
"2021-08","South-eastern Asia","most-tropical","pan2",0.305605740482825,0.106865004121551,0.309533235906689
"2021-09","South-eastern Asia","most-tropical","pan2",0.269213307282155,0.141389572156414,0.301713675784043
"2021-10","South-eastern Asia","most-tropical","pan2",0.239366466062032,0.209320550580029,0.301311967943107
"2021-11","South-eastern Asia","most-tropical","pan2",0.220561680941324,0.260210396143824,0.343698508631476
"2021-12","South-eastern Asia","most-tropical","pan2",0.228028861330752,0.336543679328739,0.407528861226845
"2022-01","South-eastern Asia","most-tropical","pan2",0.236791611383134,0.331896228478604,0.446827520639335
"2022-02","South-eastern Asia","most-tropical","pan2",0.237460148440248,0.352040030625546,0.442382610949398
"2022-03","South-eastern Asia","most-tropical","pan2",0.217576658040769,0.411755558949139,0.437384052550713
"2022-04","South-eastern Asia","most-tropical","pan2",0.202063397387276,0.452730226178963,0.426076512903881
"2022-05","South-eastern Asia","most-tropical","pan2",0.190725137137269,0.548269547311052,0.413306827759618
"2022-06","South-eastern Asia","most-tropical","pan2",0.191388125659408,0.56637950598163,0.391783932906984
"2022-07","South-eastern Asia","most-tropical","pan2",0.194391827370459,0.618258315514721,0.39535918484505
"2022-08","South-eastern Asia","most-tropical","pan2",0.207999923523506,0.580241506740624,0.424237828997566
"2022-09","South-eastern Asia","most-tropical","pan2",0.214139303928091,0.550939590794416,0.470576324786751
"2022-10","South-eastern Asia","most-tropical","pan2",0.215809856824184,0.594928920052019,0.524705065131259
"2022-11","South-eastern Asia","most-tropical","pan2",0.215197817955278,0.606608132550569,0.570938495806934
"2022-12","South-eastern Asia","most-tropical","pan2",0.213973065956473,0.674441610934605,0.620775527648034
"2023-01","South-eastern Asia","most-tropical","pan2",0.218450494419623,0.69466098786097,0.657470175006957
"2023-02","South-eastern Asia","most-tropical","pan2",0.212973221330883,0.628389867994317,0.680036773638422
"2023-03","South-eastern Asia","most-tropical","pan2",0.206175666341925,0.699381655606404,0.693199770738502
"2023-04","South-eastern Asia","most-tropical","post",0.196154335177434,0.691605476256306,0.666052568394244
"2023-05","South-eastern Asia","most-tropical","post",0.188852340975941,0.738607568985642,0.626868434842888
"2023-06","South-eastern Asia","most-tropical","post",0.171203492157122,0.742456891371084,0.555440740987271
"2023-07","South-eastern Asia","most-tropical","post",0.159574425202512,0.794356401289462,0.513817638917554
"2023-08","South-eastern Asia","most-tropical","post",0.147525936209306,0.768388870333736,0.528806632882816
"2023-09","South-eastern Asia","most-tropical","post",0.144659687945273,0.703802045277683,0.577192687598018
"2023-10","South-eastern Asia","most-tropical","post",0.131311918019579,0.733228929082409,0.629053246508278
"2023-11","South-eastern Asia","most-tropical","post",0.124109116249644,0.71088136269289,0.600141835143476
"2023-12","South-eastern Asia","most-tropical","post",0.123686280033646,0.781249597131,0.510403642870439
"2017-01","Southern Asia","most-tropical","pre",0.177835110673532,0.745644686438012,0.207645925328639
"2017-02","Southern Asia","most-tropical","pre",0.170774691537543,0.67951540765811,0.236934323615628
"2017-03","Southern Asia","most-tropical","pre",0.222939873583669,0.77388208266441,0.275614666582634
"2017-04","Southern Asia","most-tropical","pre",0.245859416010448,0.775327718477866,0.306154191442945
"2017-05","Southern Asia","most-tropical","pre",0.267904291971164,0.813487692626496,0.306272144126314
"2017-06","Southern Asia","most-tropical","pre",0.217137698430282,0.797441135097128,0.290729600118951
"2017-07","Southern Asia","most-tropical","pre",0.209926705341809,0.818765550095757,0.292453731109803
"2017-08","Southern Asia","most-tropical","pre",0.194346462404266,0.813031120108168,0.328044645623562
"2017-09","Southern Asia","most-tropical","pre",0.192065116798301,0.798291732887678,0.371885432170484
"2017-10","Southern Asia","most-tropical","pre",0.181591943327554,0.833679655607478,0.401525275356103
"2017-11","Southern Asia","most-tropical","pre",0.175514490447887,0.836690371215108,0.397313836739245
"2017-12","Southern Asia","most-tropical","pre",0.181205974150758,0.888758547937149,0.346005392227184
"2018-01","Southern Asia","most-tropical","pre",0.186838171329349,0.90397738945026,0.296037193803962
"2018-02","Southern Asia","most-tropical","pre",0.184404836050182,0.812193501710371,0.26906813384098
"2018-03","Southern Asia","most-tropical","pre",0.177996473029941,0.89582756160624,0.295680775201837
"2018-04","Southern Asia","most-tropical","pre",0.17303620141926,0.866293904474355,0.334773207842107
"2018-05","Southern Asia","most-tropical","pre",0.180288852859284,0.890956764747611,0.365932403061052
"2018-06","Southern Asia","most-tropical","pre",0.207178785621973,0.872055747834567,0.396333878430962
"2018-07","Southern Asia","most-tropical","pre",0.228460427208339,0.901944548006074,0.426034298402979
"2018-08","Southern Asia","most-tropical","pre",0.240844506740262,0.904487390072376,0.47668298747003
"2018-09","Southern Asia","most-tropical","pre",0.222879844134164,0.889635272350179,0.506364543952822
"2018-10","Southern Asia","most-tropical","pre",0.202814282465809,0.914804944343021,0.471274193001288
"2018-11","Southern Asia","most-tropical","pre",0.181191303746701,0.892573818058453,0.397387373007284
"2018-12","Southern Asia","most-tropical","pre",0.170236188008466,0.928874494195302,0.293177504374134
"2019-01","Southern Asia","most-tropical","pre",0.159957907044898,0.929819360420282,0.230430206010601
"2019-02","Southern Asia","most-tropical","pre",0.15820490379053,0.830981284610782,0.188045624280712
"2019-03","Southern Asia","most-tropical","pre",0.184975748532958,0.875230943677939,0.198763990280822
"2019-04","Southern Asia","most-tropical","pre",0.231476769247064,0.810002110270235,0.241032305609108
"2019-05","Southern Asia","most-tropical","pre",0.272492673510228,0.847534709805394,0.304055412603788
"2019-06","Southern Asia","most-tropical","pre",0.27743318920046,0.847363572036301,0.369139777018797
"2019-07","Southern Asia","most-tropical","pre",0.263784613442233,0.867951238659256,0.424756077958432
"2019-08","Southern Asia","most-tropical","pre",0.241949191368664,0.882445583895886,0.465454266300727
"2019-09","Southern Asia","most-tropical","pre",0.244294390234237,0.858486408114179,0.494368704959324
"2019-10","Southern Asia","most-tropical","pre",0.223018249688746,0.905356002364935,0.511467801183042
"2019-11","Southern Asia","most-tropical","pre",0.232108465293341,0.903114203886567,0.523337270811849
"2019-12","Southern Asia","most-tropical","pre",0.216287633685898,0.932203988164584,0.545567250381292
"2020-01","Southern Asia","most-tropical","pre",0.226934730002839,0.938232524478463,0.583113974263312
"2020-02","Southern Asia","most-tropical","pre",0.239858322023135,0.855956601386289,0.625486715551312
"2020-03","Southern Asia","most-tropical","pre",0.268426037677073,0.641999535874818,0.679520051406636
"2020-04","Southern Asia","most-tropical","pan1",0.307356994708517,0.13123861226123,0.744864171914578
"2020-05","Southern Asia","most-tropical","pan1",0.331423903466261,0.152265452302746,0.830283994199509
"2020-06","Southern Asia","most-tropical","pan1",0.355490812224005,0.17377219420215,0.91567625981852
"2020-07","Southern Asia","most-tropical","pan1",0.379557720981749,0.238993139272017,1.00183897183105
"2020-08","Southern Asia","most-tropical","pan1",0.389148559510642,0.257092398954309,1.08709729025262
"2020-09","Southern Asia","most-tropical","pan1",0.343494025468021,0.299127896698356,1.16888061608001
"2020-10","Southern Asia","most-tropical","pan1",0.281825389345387,0.347242897251099,1.24825731181371
"2020-11","Southern Asia","most-tropical","pan1",0.243596315267488,0.361917835073094,1.32418198744246
"2020-12","Southern Asia","most-tropical","pan1",0.256255219497865,0.422110216527601,1.39560597445126
"2021-01","Southern Asia","most-tropical","pan1",0.259566897147651,0.430203315473987,1.4575599086772
"2021-02","Southern Asia","most-tropical","pan1",0.245679820010206,0.485447023713351,1.51511955322365
"2021-03","Southern Asia","most-tropical","pan1",0.237062662598082,0.554803919418559,1.57964959896793
"2021-04","Southern Asia","most-tropical","pan2",0.236886921253951,0.501416767853714,1.64937212297934
"2021-05","Southern Asia","most-tropical","pan2",0.243834794091992,0.301676892787083,1.7106740812126
"2021-06","Southern Asia","most-tropical","pan2",0.254843877614385,0.322669326248674,1.7368887501006
"2021-07","Southern Asia","most-tropical","pan2",0.280240512247402,0.409421237688039,1.74341491303468
"2021-08","Southern Asia","most-tropical","pan2",0.285836238919054,0.466973767304552,1.71024392100883
"2021-09","Southern Asia","most-tropical","pan2",0.267993099691434,0.514661622755292,1.6277450088618
"2021-10","Southern Asia","most-tropical","pan2",0.248552869104461,0.621983354152578,1.51896970704728
"2021-11","Southern Asia","most-tropical","pan2",0.231930139140975,0.670471288464319,1.51271198225132
"2021-12","Southern Asia","most-tropical","pan2",0.215776926874733,0.726022418096675,1.58245965005759
"2022-01","Southern Asia","most-tropical","pan2",0.194726567411032,0.677309246564153,1.65719110466168
"2022-02","Southern Asia","most-tropical","pan2",0.182744664035585,0.615952524066703,1.63268281380528
"2022-03","Southern Asia","most-tropical","pan2",0.179731772676927,0.836282583310918,1.56130344506707
"2022-04","Southern Asia","most-tropical","pan2",0.176718881318269,0.831569497263362,1.47638183224225
"2022-05","Southern Asia","most-tropical","pan2",0.174136479486314,0.875835548408436,1.38947485430773
"2022-06","Southern Asia","most-tropical","pan2",0.173756427656744,0.845401781578303,1.3248819724383
"2022-07","Southern Asia","most-tropical","pan2",0.178886838522401,0.841803133046384,1.35119821617109
"2022-08","Southern Asia","most-tropical","pan2",0.187177098408846,0.846539716270474,1.37027082627478
"2022-09","Southern Asia","most-tropical","pan2",0.196029225227278,0.828614615422831,1.33819178873713
"2022-10","Southern Asia","most-tropical","pan2",0.198178575834171,0.832346638404412,1.11127777492543
"2022-11","Southern Asia","most-tropical","pan2",0.208181257216672,0.825011155564288,0.886223796761443
"2022-12","Southern Asia","most-tropical","pan2",0.214731625841548,0.918439509987643,0.712887933331194
"2023-01","Southern Asia","most-tropical","pan2",0.218120510653016,0.926340715325664,0.66582693550435
"2023-02","Southern Asia","most-tropical","pan2",0.214951794582633,0.85360822642864,0.620754744453712
"2023-03","Southern Asia","most-tropical","pan2",0.201281059470339,0.956622365910565,0.574475857738781
"2023-04","Southern Asia","most-tropical","post",0.188086727800976,0.905977782412565,0.534142858277741
"2023-05","Southern Asia","most-tropical","post",0.165974730271098,0.910460875858374,0.527356632691887
"2023-06","Southern Asia","most-tropical","post",0.151949305620147,0.902535278213284,0.520938816281034
"2023-07","Southern Asia","most-tropical","post",0.143946549669634,0.974277976521621,0.507358564272262
"2023-08","Southern Asia","most-tropical","post",0.141688392995937,0.980312219292659,0.449345634289292
"2023-09","Southern Asia","most-tropical","post",0.141501043704821,0.952083718425949,0.352537046736169
"2023-10","Southern Asia","most-tropical","post",0.149451915090938,0.982396978307854,0.266399247502509
"2023-11","Southern Asia","most-tropical","post",0.148247009351406,0.932953883769985,0.227380518701542
"2023-12","Southern Asia","most-tropical","post",0.14063206294743,1,0.188322920443327
"2017-01","Western Asia","most-other","pre",0.173736484289494,0.690177115637078,0.402179630713878
"2017-02","Western Asia","most-other","pre",0.188441159647826,0.622614942242151,0.436552685363445
"2017-03","Western Asia","most-other","pre",0.204087335124934,0.701297943125382,0.453079411304531
"2017-04","Western Asia","most-other","pre",0.205598786573905,0.737623031430223,0.377679213277569
"2017-05","Western Asia","most-other","pre",0.193138136324895,0.758319579727091,0.307896240346163
"2017-06","Western Asia","most-other","pre",0.180642981573998,0.740505365669977,0.215255396665238
"2017-07","Western Asia","most-other","pre",0.184946049712065,0.812827644955307,0.198558037613126
"2017-08","Western Asia","most-other","pre",0.190848531182317,0.835130646894231,0.177150470965691
"2017-09","Western Asia","most-other","pre",0.193943094376491,0.778215066103663,0.183078333736342
"2017-10","Western Asia","most-other","pre",0.187272406797693,0.745994434988882,0.192146174031942
"2017-11","Western Asia","most-other","pre",0.191538096145461,0.708989616503646,0.208170684510538
"2017-12","Western Asia","most-other","pre",0.192623543206269,0.745139469472832,0.207812225182712
"2018-01","Western Asia","most-other","pre",0.192889163791432,0.739310340465911,0.205187381565031
"2018-02","Western Asia","most-other","pre",0.191798177003487,0.664091959145161,0.202353080903427
"2018-03","Western Asia","most-other","pre",0.189216115837003,0.7648043087849,0.213329708057792
"2018-04","Western Asia","most-other","pre",0.198960373766992,0.779453778518006,0.227250241872344
"2018-05","Western Asia","most-other","pre",0.198082396694245,0.787941308324919,0.25457133008777
"2018-06","Western Asia","most-other","pre",0.199954295019126,0.796501617715991,0.293937190515267
"2018-07","Western Asia","most-other","pre",0.195119767229134,0.878804138025314,0.344242233150584
"2018-08","Western Asia","most-other","pre",0.191316132116659,0.897498712613806,0.395357662797277
"2018-09","Western Asia","most-other","pre",0.187410237148216,0.805329693705466,0.445380698884128
"2018-10","Western Asia","most-other","pre",0.184919573772687,0.789978309640644,0.494798773074985
"2018-11","Western Asia","most-other","pre",0.178456268953932,0.713174442592792,0.535873212471804
"2018-12","Western Asia","most-other","pre",0.187101044098453,0.739694330611477,0.589418317812505
"2019-01","Western Asia","most-other","pre",0.17623151681544,0.745348175633288,0.601745993815505
"2019-02","Western Asia","most-other","pre",0.17485339818469,0.673929365370297,0.555906601301536
"2019-03","Western Asia","most-other","pre",0.188765309399326,0.755306670351052,0.511586083445123
"2019-04","Western Asia","most-other","pre",0.191841453879374,0.755171570815484,0.484495164599891
"2019-05","Western Asia","most-other","pre",0.209485920843588,0.760675770114786,0.501356803983991
"2019-06","Western Asia","most-other","pre",0.233319917945756,0.8172378153184,0.483765113676854
"2019-07","Western Asia","most-other","pre",0.237820398273104,0.862545295682872,0.452192949142369
"2019-08","Western Asia","most-other","pre",0.238540402419263,0.883361229741455,0.415408696890034
"2019-09","Western Asia","most-other","pre",0.20249677990703,0.807890309101608,0.365260029256669
"2019-10","Western Asia","most-other","pre",0.228962046763996,0.774520091373406,0.310017262824717
"2019-11","Western Asia","most-other","pre",0.234126947545475,0.71724508841187,0.25945741568244
"2019-12","Western Asia","most-other","pre",0.273678828289935,0.737144904589906,0.228379209867032
"2020-01","Western Asia","most-other","pre",0.296962740370676,0.746525881631498,0.240857604159713
"2020-02","Western Asia","most-other","pre",0.322337610908608,0.664587648438608,0.264268076161502
"2020-03","Western Asia","most-other","pre",0.311143571655136,0.44414680167539,0.303744104131729
"2020-04","Western Asia","most-other","pan1",0.297996111123181,0.0951582846494187,0.346973114529733
"2020-05","Western Asia","most-other","pan1",0.288762445744965,0.0536620998612761,0.407134570057876
"2020-06","Western Asia","most-other","pan1",0.279528780366749,0.123362562736512,0.469546233677063
"2020-07","Western Asia","most-other","pan1",0.270295114988534,0.233757564686139,0.527198131820775
"2020-08","Western Asia","most-other","pan1",0.261061449610318,0.279607827016161,0.561873570855379
"2020-09","Western Asia","most-other","pan1",0.251827784232103,0.262351622203903,0.601009911814119
"2020-10","Western Asia","most-other","pan1",0.254906670961323,0.259405167982918,0.61666426278283
"2020-11","Western Asia","most-other","pan1",0.27029810979798,0.221581433227529,0.533492373757009
"2020-12","Western Asia","most-other","pan1",0.271474704276875,0.223055560352932,0.440033201096463
"2021-01","Western Asia","most-other","pan1",0.275069146924923,0.247894998909036,0.378818517960421
"2021-02","Western Asia","most-other","pan1",0.259221278158397,0.233446256825823,0.413747942797152
"2021-03","Western Asia","most-other","pan1",0.256025767719878,0.253760955553128,0.432266938935111
"2021-04","Western Asia","most-other","pan2",0.236537370975017,0.275544332666917,0.418926338741144
"2021-05","Western Asia","most-other","pan2",0.222616247507537,0.246963751048092,0.412089502337384
"2021-06","Western Asia","most-other","pan2",0.221914550759372,0.374684964375221,0.414898161313157
"2021-07","Western Asia","most-other","pan2",0.221374382985763,0.447613318566602,0.40343281878658
"2021-08","Western Asia","most-other","pan2",0.249854589270994,0.481787322584561,0.358406126608195
"2021-09","Western Asia","most-other","pan2",0.256005178693291,0.454454794075372,0.326773446573339
"2021-10","Western Asia","most-other","pan2",0.264784115787266,0.48370284621202,0.321893429627282
"2021-11","Western Asia","most-other","pan2",0.241296932813485,0.510333168492764,0.353841893091852
"2021-12","Western Asia","most-other","pan2",0.236591248736125,0.533868412468563,0.371856900402442
"2022-01","Western Asia","most-other","pan2",0.228437236236776,0.486544850053867,0.374401557961175
"2022-02","Western Asia","most-other","pan2",0.238442606166607,0.450933497898222,0.364207095125024
"2022-03","Western Asia","most-other","pan2",0.253690303763899,0.563987873636933,0.331166894724402
"2022-04","Western Asia","most-other","pan2",0.256117883998189,0.559025726561362,0.301318643755981
"2022-05","Western Asia","most-other","pan2",0.250780403734569,0.66538511029926,0.277177676844848
"2022-06","Western Asia","most-other","pan2",0.238731448157092,0.686389609644073,0.276378915543479
"2022-07","Western Asia","most-other","pan2",0.229148898728043,0.801055498568125,0.297578328380015
"2022-08","Western Asia","most-other","pan2",0.231558624971533,0.814828840272408,0.33216412068302
"2022-09","Western Asia","most-other","pan2",0.230397849021254,0.766942306368481,0.37446019853274
"2022-10","Western Asia","most-other","pan2",0.251732040314945,0.744757473954906,0.406293143586921
"2022-11","Western Asia","most-other","pan2",0.251861176030774,0.694591129307088,0.399165052885381
"2022-12","Western Asia","most-other","pan2",0.245089580900593,0.739121385984043,0.40433418984321
"2023-01","Western Asia","most-other","pan2",0.227449228407331,0.722311783165489,0.410961257299329
"2023-02","Western Asia","most-other","pan2",0.222698176448899,0.662582707113499,0.444123437284485
"2023-03","Western Asia","most-other","pan2",0.206388323932447,0.745883903427914,0.435880033577863
"2023-04","Western Asia","most-other","post",0.209236228858259,0.758672142324953,0.405959751204726
"2023-05","Western Asia","most-other","post",0.196137825299723,0.803854009797514,0.377124022360475
"2023-06","Western Asia","most-other","post",0.191454040019424,0.870220428246554,0.371952158246103
"2023-07","Western Asia","most-other","post",0.191297409052507,0.986695541739651,0.391868261962735
"2023-08","Western Asia","most-other","post",0.19275188052581,1,0.432235851521591
"2023-09","Western Asia","most-other","post",0.195986807148496,0.895541058558619,0.482959414556909
"2023-10","Western Asia","most-other","post",0.172256139969218,0.867253735852434,0.524567088079701
"2023-11","Western Asia","most-other","post",0.155107033591503,0.73902053566455,0.525733396405085
"2023-12","Western Asia","most-other","post",0.144662177586863,0.776388765576035,0.488793924432968
