"year_month","region","climate","epoch","antigen_drift","inter_air_traffic","persistence"
"2017-01","Africa","most-tropical","pre",0.17729826685476,0.739606120947066,0.21541123208253
"2017-02","Africa","most-tropical","pre",0.183903093996411,0.670241946252527,0.207837617513236
"2017-03","Africa","most-tropical","pre",0.188736298159177,0.744566880714096,0.21668288751855
"2017-04","Africa","most-tropical","pre",0.193573296537148,0.766321175382802,0.240195681582443
"2017-05","Africa","most-tropical","pre",0.199658227470114,0.775433426347369,0.269145005014274
"2017-06","Africa","most-tropical","pre",0.199106101366362,0.758738676350954,0.302731283799225
"2017-07","Africa","most-tropical","pre",0.192881968954078,0.847658626033277,0.329737346574996
"2017-08","Africa","most-tropical","pre",0.206678928794858,0.851177813031487,0.366711432468994
"2017-09","Africa","most-tropical","pre",0.219514280659143,0.797508620447587,0.376009722355296
"2017-10","Africa","most-tropical","pre",0.230674567416117,0.788086681835234,0.39331750043291
"2017-11","Africa","most-tropical","pre",0.218042459949589,0.762496543033351,0.386224879215604
"2017-12","Africa","most-tropical","pre",0.204564616701058,0.807396605637527,0.412976802476997
"2018-01","Africa","most-tropical","pre",0.196706228130152,0.786239464711062,0.439312502249454
"2018-02","Africa","most-tropical","pre",0.184243462261279,0.70228734529001,0.460458419562001
"2018-03","Africa","most-tropical","pre",0.191292435584643,0.799006555156219,0.463729335969139
"2018-04","Africa","most-tropical","pre",0.21103882915653,0.793501670353761,0.466084212179641
"2018-05","Africa","most-tropical","pre",0.2377388622941,0.795059401242266,0.463993805526318
"2018-06","Africa","most-tropical","pre",0.273754816250703,0.800863266944086,0.479155309165479
"2018-07","Africa","most-tropical","pre",0.273578883203085,0.868297600738887,0.466181484737891
"2018-08","Africa","most-tropical","pre",0.25184293582177,0.884946998565094,0.451783915473893
"2018-09","Africa","most-tropical","pre",0.22362996831136,0.820751456168289,0.429328697178685
"2018-10","Africa","most-tropical","pre",0.212370048791187,0.828983026571523,0.413069434687438
"2018-11","Africa","most-tropical","pre",0.212704862190185,0.795519185382097,0.391306826002865
"2018-12","Africa","most-tropical","pre",0.194963403546258,0.836976927361176,0.338070210106487
"2019-01","Africa","most-tropical","pre",0.182851611147937,0.823944087339593,0.318347166961148
"2019-02","Africa","most-tropical","pre",0.18295504401817,0.744010028789032,0.300443342909842
"2019-03","Africa","most-tropical","pre",0.176875333903583,0.827668924713175,0.306564312098378
"2019-04","Africa","most-tropical","pre",0.182681580367389,0.81586190637898,0.314248808589518
"2019-05","Africa","most-tropical","pre",0.198002035022984,0.790794782136861,0.354777503902763
"2019-06","Africa","most-tropical","pre",0.209659504871417,0.842342725441194,0.402926485870742
"2019-07","Africa","most-tropical","pre",0.225256533543502,0.905779603805865,0.45777389457519
"2019-08","Africa","most-tropical","pre",0.219089904452947,0.924614491402178,0.529268888179316
"2019-09","Africa","most-tropical","pre",0.251470505475924,0.856395534760671,0.611758999005922
"2019-10","Africa","most-tropical","pre",0.258440942303829,0.829410185430782,0.685422671923532
"2019-11","Africa","most-tropical","pre",0.275848513563825,0.822838363047254,0.73823616004189
"2019-12","Africa","most-tropical","pre",0.274429178767272,0.87559778503637,0.776674163863906
"2020-01","Africa","most-tropical","pre",0.279570739315989,0.864193178831587,0.856488722874118
"2020-02","Africa","most-tropical","pre",0.295639954974525,0.77333561070586,0.964064884984015
"2020-03","Africa","most-tropical","pre",0.30276378437688,0.558420463707254,1.08582870391078
"2020-04","Africa","most-tropical","pan1",0.310534096343823,0.107294952131744,1.17702710244448
"2020-05","Africa","most-tropical","pan1",0.306734223653205,0.109419231623129,1.25733424372192
"2020-06","Africa","most-tropical","pan1",0.302934350962587,0.0942339311402546,1.34285932761867
"2020-07","Africa","most-tropical","pan1",0.299134478271969,0.158407959033152,1.43133345245283
"2020-08","Africa","most-tropical","pan1",0.301386439204433,0.216800645798743,1.51812014198218
"2020-09","Africa","most-tropical","pan1",0.317860776380029,0.222375629501253,1.60269196223828
"2020-10","Africa","most-tropical","pan1",0.326471071209771,0.256859136967392,1.65467985578948
"2020-11","Africa","most-tropical","pan1",0.329881113888019,0.242837134801397,1.68141803318782
"2020-12","Africa","most-tropical","pan1",0.31944258916907,0.325062538521568,1.6626522979637
"2021-01","Africa","most-tropical","pan1",0.315993420352207,0.32792235142821,1.60749677213816
"2021-02","Africa","most-tropical","pan1",0.305819884967551,0.293165013820796,1.51372730406555
"2021-03","Africa","most-tropical","pan1",0.307906131007385,0.305153844864064,1.52955553496198
"2021-04","Africa","most-tropical","pan2",0.304073152302184,0.300623375175172,1.61387283269196
"2021-05","Africa","most-tropical","pan2",0.330361481945305,0.323285622311571,1.71349790763272
"2021-06","Africa","most-tropical","pan2",0.340541494198871,0.378992834357107,1.70127394675592
"2021-07","Africa","most-tropical","pan2",0.363973683236821,0.464203804774361,1.65294759416635
"2021-08","Africa","most-tropical","pan2",0.369111812561141,0.490899364847402,1.45433929680429
"2021-09","Africa","most-tropical","pan2",0.383945259093298,0.473303530863414,0.998009417123182
"2021-10","Africa","most-tropical","pan2",0.378417284359549,0.529815264146594,0.55364362326301
"2021-11","Africa","most-tropical","pan2",0.348706345545458,0.537452610012345,0.262427536466652
"2021-12","Africa","most-tropical","pan2",0.30086940488483,0.552400341888699,0.281292418870753
"2022-01","Africa","most-tropical","pan2",0.25606938165726,0.50072078638441,0.316285358433057
"2022-02","Africa","most-tropical","pan2",0.230664851215239,0.515860128654713,0.38881751141865
"2022-03","Africa","most-tropical","pan2",0.207456171431348,0.655407948326404,0.451696741080806
"2022-04","Africa","most-tropical","pan2",0.208729555765198,0.633094175549059,0.525739498197973
"2022-05","Africa","most-tropical","pan2",0.206133403963778,0.694252940669059,0.602332572000008
"2022-06","Africa","most-tropical","pan2",0.216918775883623,0.712858441230759,0.704860030971066
"2022-07","Africa","most-tropical","pan2",0.21435083617426,0.822325853221792,0.795534280740417
"2022-08","Africa","most-tropical","pan2",0.220400159448175,0.821901017524927,0.867703375304393
"2022-09","Africa","most-tropical","pan2",0.222202314897711,0.765848664353336,0.855890169335706
"2022-10","Africa","most-tropical","pan2",0.227082911565408,0.793691967655923,0.760142186173971
"2022-11","Africa","most-tropical","pan2",0.228876533897501,0.766298246780046,0.663900711836423
"2022-12","Africa","most-tropical","pan2",0.237052657144979,0.881409832310098,0.629350277052318
"2023-01","Africa","most-tropical","pan2",0.244896135388994,0.83757286901869,0.627477765342837
"2023-02","Africa","most-tropical","pan2",0.256276379877474,0.764106595579244,0.593003342707713
"2023-03","Africa","most-tropical","pan2",0.249853574907124,0.872684842415855,0.504097616715004
"2023-04","Africa","most-tropical","pan2",0.225817161270458,0.847613576884251,0.442057833793983
"2023-05","Africa","most-tropical","post",0.191253757118867,0.879545039957383,0.41844115703383
"2023-06","Africa","most-tropical","post",0.167140985362352,0.883537748055665,0.444420403001562
"2023-07","Africa","most-tropical","post",0.151315858915981,0.997950768754638,0.483298833744667
"2023-08","Africa","most-tropical","post",0.144104504294427,1,0.451578074660401
"2023-09","Africa","most-tropical","post",0.136469539017894,0.924719033709894,0.377384599355978
"2023-10","Africa","most-tropical","post",0.122388516144483,0.955307102877105,0.260472801523456
"2023-11","Africa","most-tropical","post",0.107738435798974,0.903357858521026,0.203021494657452
"2023-12","Africa","most-tropical","post",0.098939322297985,0.984839951282275,0.161390255171577
"2017-01","Europe","most-other","pre",0.161159907756226,0.612445408280063,0.202177698096993
"2017-02","Europe","most-other","pre",0.172961867927953,0.574678830055635,0.224082045568917
"2017-03","Europe","most-other","pre",0.188440183729351,0.686584098408576,0.242262936962005
"2017-04","Europe","most-other","pre",0.184025728036861,0.771223493809548,0.247174701064925
"2017-05","Europe","most-other","pre",0.186604182236193,0.848418437239482,0.228255713510823
"2017-06","Europe","most-other","pre",0.182656972922428,0.875539092202998,0.197116905153999
"2017-07","Europe","most-other","pre",0.201161373190202,0.928147571566034,0.170562103232509
"2017-08","Europe","most-other","pre",0.206232850350465,0.931535148550716,0.162196325044453
"2017-09","Europe","most-other","pre",0.212441895475404,0.903188871200773,0.160166954127622
"2017-10","Europe","most-other","pre",0.207901755894516,0.849004141489996,0.164529638199495
"2017-11","Europe","most-other","pre",0.207165433107819,0.663698590325645,0.1708640784279
"2017-12","Europe","most-other","pre",0.203818909365612,0.657582970129569,0.182600511054436
"2018-01","Europe","most-other","pre",0.199065901617417,0.643675184324408,0.197674409307001
"2018-02","Europe","most-other","pre",0.193921251954104,0.608402569372009,0.203589367248461
"2018-03","Europe","most-other","pre",0.189289102243569,0.736184286260374,0.213695325862797
"2018-04","Europe","most-other","pre",0.194071478792074,0.81882142948727,0.212983975750124
"2018-05","Europe","most-other","pre",0.212107137667879,0.885283044867015,0.211293310838014
"2018-06","Europe","most-other","pre",0.227517075272151,0.91629342467769,0.197298424213064
"2018-07","Europe","most-other","pre",0.238458214047873,0.977984093598698,0.183796638984915
"2018-08","Europe","most-other","pre",0.219425284996146,0.983150018040782,0.171567427772478
"2018-09","Europe","most-other","pre",0.208673762514822,0.948632636263326,0.161948883707364
"2018-10","Europe","most-other","pre",0.196602491896313,0.905458718031789,0.155517003775211
"2018-11","Europe","most-other","pre",0.209796240618715,0.715032750704067,0.155042538606647
"2018-12","Europe","most-other","pre",0.205608723190606,0.709514280327236,0.16404522726778
"2019-01","Europe","most-other","pre",0.204371394474405,0.689564890664368,0.17217620088509
"2019-02","Europe","most-other","pre",0.197692103585679,0.649278481435319,0.180909619216969
"2019-03","Europe","most-other","pre",0.205131878120588,0.753914941838763,0.196440119076611
"2019-04","Europe","most-other","pre",0.217287889411884,0.848422833633129,0.209628258447628
"2019-05","Europe","most-other","pre",0.211396168839269,0.912907255037149,0.229380658477814
"2019-06","Europe","most-other","pre",0.214733787831992,0.950874983838894,0.241221880771394
"2019-07","Europe","most-other","pre",0.208932617393332,1,0.273233757765185
"2019-08","Europe","most-other","pre",0.227201535557106,0.993316423034846,0.3315597811933
"2019-09","Europe","most-other","pre",0.241379742730236,0.962585594079131,0.418335354040533
"2019-10","Europe","most-other","pre",0.271678492911663,0.886991025117319,0.510630965627922
"2019-11","Europe","most-other","pre",0.296002091337256,0.702859796777264,0.575173615392138
"2019-12","Europe","most-other","pre",0.310785825294771,0.715906960503684,0.592990795329637
"2020-01","Europe","most-other","pre",0.313500803851644,0.681593705898676,0.590938984568141
"2020-02","Europe","most-other","pre",0.31423006606821,0.61852270637061,0.639886961726574
"2020-03","Europe","most-other","pre",0.318732908667579,0.419541045646485,0.448285559424916
"2020-04","Europe","most-other","pan1",0.32458356709317,0.0508505197141328,0.253728862909993
"2020-05","Europe","most-other","pan1",0.33504624015259,0.0847273232739114,-1.85037170770859e-17
"2020-06","Europe","most-other","pan1",0.345508913212011,0.0714985498813142,-1.85037170770859e-17
"2020-07","Europe","most-other","pan1",0.355971586271432,0.253156576389027,-1.85037170770859e-17
"2020-08","Europe","most-other","pan1",0.366434259330853,0.369028014530218,-1.85037170770859e-17
"2020-09","Europe","most-other","pan1",0.362209350438909,0.283257824338368,-1.85037170770859e-17
"2020-10","Europe","most-other","pan1",0.348153573876387,0.217535674897425,0.00292911032233669
"2020-11","Europe","most-other","pan1",0.324266929643287,0.109355198130828,0.0282116241515982
"2020-12","Europe","most-other","pan1",0.305236999690974,0.13606371298509,0.0764006539699874
"2021-01","Europe","most-other","pan1",0.28677900846193,0.103110974079797,0.0734715436476507
"2021-02","Europe","most-other","pan1",0.256732142475677,0.0656173832557905,0.0481890298183893
"2021-03","Europe","most-other","pan1",0.255555559969035,0.0783496257081074,0.00292662907222998
"2021-04","Europe","most-other","pan2",0.264241752320417,0.100454668056525,0.0222679132920769
"2021-05","Europe","most-other","pan2",0.294951533010302,0.147131876851708,0.0555047098962104
"2021-06","Europe","most-other","pan2",0.307225743801871,0.262068626758297,0.0915264841269303
"2021-07","Europe","most-other","pan2",0.31796586361132,0.448878367268573,0.119382572095004
"2021-08","Europe","most-other","pan2",0.309205432449783,0.53481329145127,0.147117281059972
"2021-09","Europe","most-other","pan2",0.284016561996625,0.480200069039571,0.185762226374233
"2021-10","Europe","most-other","pan2",0.25123998885297,0.485204534990891,0.229959076560886
"2021-11","Europe","most-other","pan2",0.231043210513337,0.428744104893818,0.266586073659651
"2021-12","Europe","most-other","pan2",0.221101650207695,0.446612966648696,0.282880840060881
"2022-01","Europe","most-other","pan2",0.218960234082332,0.343293232369717,0.297387029405475
"2022-02","Europe","most-other","pan2",0.20974302072926,0.362287981892537,0.328217603168635
"2022-03","Europe","most-other","pan2",0.204818602768926,0.480900901513521,0.398114291417625
"2022-04","Europe","most-other","pan2",0.192783192893551,0.626934090947784,0.477227557130228
"2022-05","Europe","most-other","pan2",0.200389273399944,0.728461827776622,0.551524194642392
"2022-06","Europe","most-other","pan2",0.195962665319214,0.798844378662107,0.604062695468575
"2022-07","Europe","most-other","pan2",0.208693005492795,0.874251023590662,0.64446296423317
"2022-08","Europe","most-other","pan2",0.217291975445834,0.86333398108527,0.683199805023427
"2022-09","Europe","most-other","pan2",0.234486340844072,0.83286899071991,0.717933178753512
"2022-10","Europe","most-other","pan2",0.242483140069858,0.766664732502549,0.735391486487164
"2022-11","Europe","most-other","pan2",0.246750712639582,0.579555688501835,0.749149474803627
"2022-12","Europe","most-other","pan2",0.251810882999053,0.595378695322983,0.761497356506682
"2023-01","Europe","most-other","pan2",0.251737483948886,0.541613677980207,0.7847655970775
"2023-02","Europe","most-other","pan2",0.251902654654654,0.541761112847043,0.768602865832358
"2023-03","Europe","most-other","pan2",0.255721767537328,0.661818640093817,0.742685132110072
"2023-04","Europe","most-other","pan2",0.249159877727261,0.76861133853834,0.67509717768336
"2023-05","Europe","most-other","post",0.243717071676881,0.841372201388755,0.498676090102909
"2023-06","Europe","most-other","post",0.214813111695945,0.891624437935706,0.295150254689692
"2023-07","Europe","most-other","post",0.200327028744777,0.971865945164915,0.135207670378321
"2023-08","Europe","most-other","post",0.172380370820341,0.97746387444109,0.113326929013474
"2023-09","Europe","most-other","post",0.159134958401609,0.922579333514943,0.124231544834636
"2023-10","Europe","most-other","post",0.137916672929357,0.880511849320819,0.139217281560067
"2023-11","Europe","most-other","post",0.12695778280852,0.659218578018732,0.160640422507869
"2023-12","Europe","most-other","post",0.121570794156964,0.681086601195772,0.173275182042083
"2017-01","Japan/Korea","most-other","pre",0.187722869836797,0.840752808412755,0.170759717914745
"2017-02","Japan/Korea","most-other","pre",0.202760712940265,0.765825137423254,0.219857811780608
"2017-03","Japan/Korea","most-other","pre",0.231315088970645,0.853889399719014,0.242840609940728
"2017-04","Japan/Korea","most-other","pre",0.249722768191707,0.833136913935811,0.245134968056591
"2017-05","Japan/Korea","most-other","pre",0.252373291484041,0.865867854264901,0.245741270192117
"2017-06","Japan/Korea","most-other","pre",0.23367271534362,0.843008057874001,0.242308084826359
"2017-07","Japan/Korea","most-other","pre",0.21731493840823,0.912528296821944,0.250291647784474
"2017-08","Japan/Korea","most-other","pre",0.205838201512305,0.954607227510496,0.252799853737998
"2017-09","Japan/Korea","most-other","pre",0.210780550274862,0.885148988547742,0.258008859436864
"2017-10","Japan/Korea","most-other","pre",0.209773589409374,0.906704087102172,0.244986027971654
"2017-11","Japan/Korea","most-other","pre",0.206640972433101,0.842871428277011,0.214609261384311
"2017-12","Japan/Korea","most-other","pre",0.194475509781763,0.876929397918718,0.186659570366024
"2018-01","Japan/Korea","most-other","pre",0.193732717361388,0.889634228217008,0.166424820214157
"2018-02","Japan/Korea","most-other","pre",0.190841363778437,0.808974830818976,0.176129375434986
"2018-03","Japan/Korea","most-other","pre",0.187680936360568,0.902232223355636,0.201315110271267
"2018-04","Japan/Korea","most-other","pre",0.183875545189046,0.875094485394095,0.238362172038177
"2018-05","Japan/Korea","most-other","pre",0.169667841224006,0.905349904092338,0.276606115729005
"2018-06","Japan/Korea","most-other","pre",0.154676059622039,0.878522797538072,0.307309220661105
"2018-07","Japan/Korea","most-other","pre",0.154967857369027,0.93139747564764,0.321770233673073
"2018-08","Japan/Korea","most-other","pre",0.174289497000302,0.96525124718998,0.318794144038119
"2018-09","Japan/Korea","most-other","pre",0.190276838591044,0.902276484456173,0.310282069845849
"2018-10","Japan/Korea","most-other","pre",0.191108877078365,0.93018635186289,0.302764090778476
"2018-11","Japan/Korea","most-other","pre",0.189924008990405,0.886200692000205,0.319294302380648
"2018-12","Japan/Korea","most-other","pre",0.191189659052012,0.917743069650267,0.362646726923258
"2019-01","Japan/Korea","most-other","pre",0.195139983302788,0.920908857782884,0.422115564739404
"2019-02","Japan/Korea","most-other","pre",0.197154946889981,0.843663765124767,0.479901773034062
"2019-03","Japan/Korea","most-other","pre",0.193282706523491,0.935973878258092,0.514855505090971
"2019-04","Japan/Korea","most-other","pre",0.187691578259339,0.910471045461547,0.5281594012857
"2019-05","Japan/Korea","most-other","pre",0.199510552067308,0.950590489581161,0.505858873090473
"2019-06","Japan/Korea","most-other","pre",0.20410917796128,0.923243444262214,0.460234396457314
"2019-07","Japan/Korea","most-other","pre",0.224388468394874,0.970594095913633,0.394626524049369
"2019-08","Japan/Korea","most-other","pre",0.223387666142234,1,0.328893470449522
"2019-09","Japan/Korea","most-other","pre",0.236459780453458,0.930341294418469,0.272453001792561
"2019-10","Japan/Korea","most-other","pre",0.238007955988989,0.937056007629213,0.23474523167339
"2019-11","Japan/Korea","most-other","pre",0.249733207603308,0.904812915331729,0.222138884690367
"2019-12","Japan/Korea","most-other","pre",0.253062002274896,0.939748758837797,0.206629914847838
"2020-01","Japan/Korea","most-other","pre",0.258082392563283,0.950353856304357,0.217722504111088
"2020-02","Japan/Korea","most-other","pre",0.257733596923156,0.808323601344917,0.181400548759863
"2020-03","Japan/Korea","most-other","pre",0.264943500437791,0.49815696432917,0.162282643557465
"2020-04","Japan/Korea","most-other","pan1",0.265928869812661,0.242416669867129,0.149272789635124
"2020-05","Japan/Korea","most-other","pan1",0.261241823721595,0.281065623597286,0.198888044719283
"2020-06","Japan/Korea","most-other","pan1",0.256554777630529,0.285873779856079,0.267162048609181
"2020-07","Japan/Korea","most-other","pan1",0.251867731539464,0.407198049021207,0.334798154415224
"2020-08","Japan/Korea","most-other","pan1",0.247180685448398,0.451396632907101,0.399731680956377
"2020-09","Japan/Korea","most-other","pan1",0.242493639357332,0.400381782131019,0.424167866299408
"2020-10","Japan/Korea","most-other","pan1",0.237806593266266,0.437736600985145,0.420245843081283
"2020-11","Japan/Korea","most-other","pan1",0.233119547175201,0.432369181896992,0.395880296263719
"2020-12","Japan/Korea","most-other","pan1",0.228432501084135,0.39408200956189,0.396215491146291
"2021-01","Japan/Korea","most-other","pan1",0.223745454993069,0.274754254734632,0.497399353532164
"2021-02","Japan/Korea","most-other","pan1",0.229932077062458,0.287030424024214,0.465236393219924
"2021-03","Japan/Korea","most-other","pan1",0.237357533198598,0.365785675580829,0.346023614553127
"2021-04","Japan/Korea","most-other","pan2",0.246021823401488,0.364664394367209,0.114019598100347
"2021-05","Japan/Korea","most-other","pan2",0.245051279510676,0.337790558194478,0.0165525407358132
"2021-06","Japan/Korea","most-other","pan2",0.244080735619863,0.32049089751236,9.25185853854297e-18
"2021-07","Japan/Korea","most-other","pan2",0.24311019172905,0.400039117398063,9.25185853854297e-18
"2021-08","Japan/Korea","most-other","pan2",0.242139647838238,0.379015611309234,9.25185853854297e-18
"2021-09","Japan/Korea","most-other","pan2",0.241169103947425,0.36576564040043,9.25185853854297e-18
"2021-10","Japan/Korea","most-other","pan2",0.240198560056612,0.441134946469615,0.0117926494899773
"2021-11","Japan/Korea","most-other","pan2",0.2392280161658,0.473391357282435,0.0187906549011746
"2021-12","Japan/Korea","most-other","pan2",0.23760237803451,0.507181578839956,0.0187906549011746
"2022-01","Japan/Korea","most-other","pan2",0.235321645662742,0.413095338353151,0.00699800541119734
"2022-02","Japan/Korea","most-other","pan2",0.232385819050497,0.325202150090597,9.25185853854297e-18
"2022-03","Japan/Korea","most-other","pan2",0.229449992438252,0.439066500667447,0.00656314170070809
"2022-04","Japan/Korea","most-other","pan2",0.226514165826008,0.461244986109994,0.0315275117256983
"2022-05","Japan/Korea","most-other","pan2",0.223578339213763,0.538580093561422,0.0724462614004673
"2022-06","Japan/Korea","most-other","pan2",0.220642512601518,0.534831907419785,0.122669354219955
"2022-07","Japan/Korea","most-other","pan2",0.221132555752596,0.624979713662254,0.159361987496138
"2022-08","Japan/Korea","most-other","pan2",0.21776855980572,0.674622183284701,0.190560515318479
"2022-09","Japan/Korea","most-other","pan2",0.21442387659564,0.595968313185347,0.21802859358943
"2022-10","Japan/Korea","most-other","pan2",0.209227182356611,0.681523757561917,0.263619520040019
"2022-11","Japan/Korea","most-other","pan2",0.21409093105667,0.687148017329455,0.312973189378633
"2022-12","Japan/Korea","most-other","pan2",0.22382264159082,0.750431459619151,0.357524257655129
"2023-01","Japan/Korea","most-other","pan2",0.226085106441092,0.75020326522922,0.327233348573074
"2023-02","Japan/Korea","most-other","pan2",0.223243175042903,0.732152888059773,0.264451639042644
"2023-03","Japan/Korea","most-other","pan2",0.215402001200944,0.813864103725057,0.208303067897582
"2023-04","Japan/Korea","most-other","pan2",0.211580716567409,0.786408386209848,0.221143098602097
"2023-05","Japan/Korea","most-other","post",0.209098686704958,0.835656581852409,0.275507355219469
"2023-06","Japan/Korea","most-other","post",0.198311752023415,0.825033343649442,0.339610396815077
"2023-07","Japan/Korea","most-other","post",0.184732156837621,0.895866776728122,0.40989357999512
"2023-08","Japan/Korea","most-other","post",0.158547413351791,0.968910968537935,0.477867883844682
"2023-09","Japan/Korea","most-other","post",0.130360498701055,0.884378294287407,0.534727625733375
"2023-10","Japan/Korea","most-other","post",0.111510581761428,0.957745058242384,0.57313839341625
"2023-11","Japan/Korea","most-other","post",0.101112447882699,0.900186223844402,0.602692043425562
"2023-12","Japan/Korea","most-other","post",0.0994212549854707,0.90238538628201,0.621599080789264
"2017-01","North America","most-other","pre",0.177358902198763,0.708099947878488,0.209786966785595
"2017-02","North America","most-other","pre",0.197065407747682,0.662466799642598,0.243874402604648
"2017-03","North America","most-other","pre",0.210799011374904,0.780781845974885,0.268211402892305
"2017-04","North America","most-other","pre",0.21949549006301,0.787654108151304,0.296994044139936
"2017-05","North America","most-other","pre",0.21326536328819,0.817315380900896,0.320128664984304
"2017-06","North America","most-other","pre",0.214607033943049,0.848081782486627,0.324850679241186
"2017-07","North America","most-other","pre",0.21712449198489,0.883593867976797,0.311652434331483
"2017-08","North America","most-other","pre",0.218247075292861,0.869107945220902,0.301418996130115
"2017-09","North America","most-other","pre",0.21468609285701,0.763870845979097,0.318082656774257
"2017-10","North America","most-other","pre",0.214095956633025,0.822632774712611,0.357935445075236
"2017-11","North America","most-other","pre",0.214973828597721,0.784492251264506,0.408259597489674
"2017-12","North America","most-other","pre",0.212236723218998,0.794679168533414,0.467724187350424
"2018-01","North America","most-other","pre",0.208680826838927,0.749931697265159,0.515013715763032
"2018-02","North America","most-other","pre",0.216695585067554,0.72205907508311,0.53756320105275
"2018-03","North America","most-other","pre",0.223542285609358,0.88493777702463,0.530203954822051
"2018-04","North America","most-other","pre",0.224131740724981,0.848280835977526,0.524571374420063
"2018-05","North America","most-other","pre",0.217302810686763,0.884732127245621,0.519519856491267
"2018-06","North America","most-other","pre",0.219609784463589,0.914285448421829,0.520139727019908
"2018-07","North America","most-other","pre",0.224002134326369,0.957024586993466,0.516210254544912
"2018-08","North America","most-other","pre",0.218353407660496,0.908293540130442,0.560769075069244
"2018-09","North America","most-other","pre",0.203962076833346,0.819084594767334,0.627903133477363
"2018-10","North America","most-other","pre",0.198826676047717,0.879273055459301,0.704430173455106
"2018-11","North America","most-other","pre",0.218109841746434,0.84525682390407,0.759070034045114
"2018-12","North America","most-other","pre",0.248071500727211,0.827161228085814,0.813575250009755
"2019-01","North America","most-other","pre",0.275954620918617,0.775220741666318,0.852017978570086
"2019-02","North America","most-other","pre",0.293867594870056,0.739504970384359,0.847659298787807
"2019-03","North America","most-other","pre",0.301676914997126,0.905207398337148,0.781149307037345
"2019-04","North America","most-other","pre",0.288833328880594,0.870721340404753,0.663332628048686
"2019-05","North America","most-other","pre",0.266609269566232,0.914544965629614,0.518843001314382
"2019-06","North America","most-other","pre",0.242700266042951,0.92703188801437,0.389703638747022
"2019-07","North America","most-other","pre",0.23088174826475,0.965401127932759,0.306107936206988
"2019-08","North America","most-other","pre",0.223787736896783,0.942478850668178,0.271390545541429
"2019-09","North America","most-other","pre",0.223184891841015,0.847092813335977,0.267629142721109
"2019-10","North America","most-other","pre",0.22804915664041,0.902494359936633,0.265892477854558
"2019-11","North America","most-other","pre",0.234692661537864,0.843092537077471,0.265195862280704
"2019-12","North America","most-other","pre",0.249336714141735,0.90550415003367,0.256101661581261
"2020-01","North America","most-other","pre",0.266786188789174,0.818016172175093,0.274295026685071
"2020-02","North America","most-other","pre",0.282293193329513,0.810614121059983,0.332796824198846
"2020-03","North America","most-other","pre",0.267630404335162,0.576070419425454,0.251285629387766
"2020-04","North America","most-other","pan1",0.262099785633482,0.0846304170881733,0.14620844484405
"2020-05","North America","most-other","pan1",0.271130518412145,0.114839561003617,-9.25185853854297e-18
"2020-06","North America","most-other","pan1",0.314562362333612,0.203173868361738,-9.25185853854297e-18
"2020-07","North America","most-other","pan1",0.357994206255079,0.263558375612447,-9.25185853854297e-18
"2020-08","North America","most-other","pan1",0.355929546817828,0.264343997589795,-9.25185853854297e-18
"2020-09","North America","most-other","pan1",0.30836838402186,0.259599153459203,-9.25185853854297e-18
"2020-10","North America","most-other","pan1",0.268187687686472,0.299860322583411,0.0129027543775778
"2020-11","North America","most-other","pan1",0.259830677264806,0.292864315667413,0.0129027543775778
"2020-12","North America","most-other","pan1",0.28329735275686,0.315044706918318,0.0129027543775778
"2021-01","North America","most-other","pan1",0.28171333010414,0.282414007395238,-9.25185853854297e-18
"2021-02","North America","most-other","pan1",0.27613189321222,0.2856036309979,-9.25185853854297e-18
"2021-03","North America","most-other","pan1",0.269856979745788,0.430359742455448,-9.25185853854297e-18
"2021-04","North America","most-other","pan2",0.26515642286401,0.479034185852327,0.00730981780218545
"2021-05","North America","most-other","pan2",0.262030222566885,0.567091151125552,0.0357191919245749
"2021-06","North America","most-other","pan2",0.261188310088297,0.658440720655447,0.0538215228306485
"2021-07","North America","most-other","pan2",0.275132328247262,0.754268072688278,0.0815206913612865
"2021-08","North America","most-other","pan2",0.302126773335723,0.715192704868349,0.109768115981938
"2021-09","North America","most-other","pan2",0.312866578948872,0.624511134798452,0.173392653038978
"2021-10","North America","most-other","pan2",0.304242236386561,0.702998064416099,0.245609287272352
"2021-11","North America","most-other","pan2",0.277971982088189,0.697767153765747,0.297202270635883
"2021-12","North America","most-other","pan2",0.260485794797886,0.724725641482585,0.336408301248588
"2022-01","North America","most-other","pan2",0.242703549604924,0.58188800692017,0.323826769100557
"2022-02","North America","most-other","pan2",0.227499533475716,0.597442921147362,0.299944376118122
"2022-03","North America","most-other","pan2",0.21167603539949,0.775459901130716,0.240751998700202
"2022-04","North America","most-other","pan2",0.20849045562903,0.781901196787442,0.225130109129445
"2022-05","North America","most-other","pan2",0.196760689038073,0.840647169817889,0.235648469973033
"2022-06","North America","most-other","pan2",0.19748619905649,0.853496156632776,0.285362926863594
"2022-07","North America","most-other","pan2",0.194373201610592,0.887024723388992,0.326602876101544
"2022-08","North America","most-other","pan2",0.210943521962425,0.858977915857668,0.354772545755778
"2022-09","North America","most-other","pan2",0.222096034512028,0.800514756986854,0.365715964158002
"2022-10","North America","most-other","pan2",0.233699121595452,0.840007343415938,0.371820205175864
"2022-11","North America","most-other","pan2",0.238286604535856,0.791386794537315,0.387344713306093
"2022-12","North America","most-other","pan2",0.239822171090704,0.822345287617869,0.39050331298961
"2023-01","North America","most-other","pan2",0.238402721868674,0.736568525051422,0.365314021430499
"2023-02","North America","most-other","pan2",0.23350946394655,0.710077059950683,0.343677382966748
"2023-03","North America","most-other","pan2",0.232425938158965,0.870414348885209,0.255066063069537
"2023-04","North America","most-other","pan2",0.213010518221041,0.853062142546707,0.165526290523556
"2023-05","North America","most-other","post",0.196542867473929,0.888072056821916,0.0602473150270439
"2023-06","North America","most-other","post",0.179733859907057,0.925412573779381,0.0389896432176133
"2023-07","North America","most-other","post",0.171532630222088,1,0.0510595201801137
"2023-08","North America","most-other","post",0.160901041358787,0.95610763522245,0.0676248920412587
"2023-09","North America","most-other","post",0.152153423239768,0.85153715387722,0.0863015567473513
"2023-10","North America","most-other","post",0.147412653854695,0.913398444069728,0.110004217839575
"2023-11","North America","most-other","post",0.142478733817099,0.842503246098394,0.147538538441226
"2023-12","North America","most-other","post",0.131239822565811,0.846711190302086,0.211865065238384
"2017-01","North China","most-other","pre",0.20026441472688,0.690020610642764,0.213305287296874
"2017-02","North China","most-other","pre",0.222071788009806,0.650728666883522,0.245032870935132
"2017-03","North China","most-other","pre",0.213527067186338,0.697893983476849,0.258307668608598
"2017-04","North China","most-other","pre",0.24647847198788,0.699668119520268,0.246906312935969
"2017-05","North China","most-other","pre",0.244062572550899,0.738179046229282,0.215982265561898
"2017-06","North China","most-other","pre",0.252279105996629,0.735857595875537,0.183299425728037
"2017-07","North China","most-other","pre",0.199279852593664,0.843774189127731,0.155279362249771
"2017-08","North China","most-other","pre",0.207709594034789,0.86519229697698,0.145271796183468
"2017-09","North China","most-other","pre",0.21480219499044,0.790131833569766,0.149371474615188
"2017-10","North China","most-other","pre",0.211095768774835,0.798730597872411,0.17114082005611
"2017-11","North China","most-other","pre",0.195264517461096,0.743685272906069,0.201218751073294
"2017-12","North China","most-other","pre",0.181255858706308,0.756548994560552,0.228650630421557
"2018-01","North China","most-other","pre",0.193650663363984,0.776391985473723,0.246558583683439
"2018-02","North China","most-other","pre",0.203540248221448,0.745896036823194,0.246130004860863
"2018-03","North China","most-other","pre",0.216551708503402,0.801812782175117,0.23341274669439
"2018-04","North China","most-other","pre",0.217566060042114,0.804802821901759,0.220122053506015
"2018-05","North China","most-other","pre",0.216286833862429,0.828081045437159,0.211057508361333
"2018-06","North China","most-other","pre",0.215007607682743,0.801046212716742,0.202898740218054
"2018-07","North China","most-other","pre",0.213728381503057,0.895869052298212,0.191096936291301
"2018-08","North China","most-other","pre",0.212449155323371,0.908347959755315,0.179376122025503
"2018-09","North China","most-other","pre",0.211169929143685,0.834856448350847,0.172450220415452
"2018-10","North China","most-other","pre",0.209890702964,0.862319908649806,0.171106073240265
"2018-11","North China","most-other","pre",0.231446345249339,0.809751945671784,0.182883256739554
"2018-12","North China","most-other","pre",0.236388043071755,0.82068190186405,0.193096672340379
"2019-01","North China","most-other","pre",0.235424695663455,0.855630861863327,0.206721483801289
"2019-02","North China","most-other","pre",0.215445388181379,0.798178436324427,0.215456140673676
"2019-03","North China","most-other","pre",0.202888230349775,0.824684073050036,0.221011854030726
"2019-04","North China","most-other","pre",0.208243244299411,0.843996503212166,0.196723222880393
"2019-05","North China","most-other","pre",0.210568915398956,0.882532419078426,0.176266200978743
"2019-06","North China","most-other","pre",0.222875946852109,0.868783488294345,0.168408075798706
"2019-07","North China","most-other","pre",0.223965417295892,0.982667078164201,0.189044133447659
"2019-08","North China","most-other","pre",0.225054887739676,0.991921678428042,0.206025352019509
"2019-09","North China","most-other","pre",0.226144358183459,0.904155616847229,0.222785441482942
"2019-10","North China","most-other","pre",0.232280398621687,0.904754838955,0.242559735290571
"2019-11","North China","most-other","pre",0.244020712549883,0.843505332149666,0.276648512608775
"2019-12","North China","most-other","pre",0.262769150104374,0.862233270159238,0.317222320341965
"2020-01","North China","most-other","pre",0.268723999271098,0.900124738719772,0.365471670412159
"2020-02","North China","most-other","pre",0.265963842337176,0.30007996530319,0.285406303816935
"2020-03","North China","most-other","pre",0.255193935248534,0.317698591797457,0.164738052710396
"2020-04","North China","most-other","pan1",0.251169420024791,0.236293188416928,0.0279008383443277
"2020-05","North China","most-other","pan1",0.249254010883304,0.355257248079176,0
"2020-06","North China","most-other","pan1",0.247338601741817,0.433351799896994,0
"2020-07","North China","most-other","pan1",0.24542319260033,0.568079170544457,0
"2020-08","North China","most-other","pan1",0.243507783458843,0.664330486357708,0
"2020-09","North China","most-other","pan1",0.241592374317356,0.706679201717372,0
"2020-10","North China","most-other","pan1",0.239676965175869,0.729149018956746,0
"2020-11","North China","most-other","pan1",0.237761556034382,0.626468148283683,0
"2020-12","North China","most-other","pan1",0.235846146892895,0.642788373933419,0
"2021-01","North China","most-other","pan1",0.233930737751408,0.496809246985865,0
"2021-02","North China","most-other","pan1",0.232015328609921,0.393606427644201,0
"2021-03","North China","most-other","pan1",0.230099919468434,0.794747674455378,0
"2021-04","North China","most-other","pan2",0.228184510326947,0.853352566042907,0
"2021-05","North China","most-other","pan2",0.226269101185461,0.914272884232529,0
"2021-06","North China","most-other","pan2",0.224353692043974,0.803263753354477,0
"2021-07","North China","most-other","pan2",0.222438282902487,0.973659451718125,0
"2021-08","North China","most-other","pan2",0.220522873761,0.426456533737527,0
"2021-09","North China","most-other","pan2",0.218607464619513,0.632380695833672,0
"2021-10","North China","most-other","pan2",0.216692055478026,0.625063202331794,0
"2021-11","North China","most-other","pan2",0.214776646336539,0.343693150843777,0
"2021-12","North China","most-other","pan2",0.212861237195052,0.472749441673519,0.00494446346043971
"2022-01","North China","most-other","pan2",0.206564538725102,0.450845433544466,0.0284210994155546
"2022-02","North China","most-other","pan2",0.195886550926688,0.482010630415729,0.0563196671032625
"2022-03","North China","most-other","pan2",0.209957853285878,0.296833539646827,0.0919803679830078
"2022-04","North China","most-other","pan2",0.253159735131135,0.178278859794168,0.12045988068425
"2022-05","North China","most-other","pan2",0.325492196462457,0.238711771766074,0.160034595946743
"2022-06","North China","most-other","pan2",0.371136447248462,0.389169228643541,0.204365821820794
"2022-07","North China","most-other","pan2",0.392626262414385,0.59834640487442,0.24848850750377
"2022-08","North China","most-other","pan2",0.385702370898115,0.546179256684105,0.286638646900631
"2022-09","North China","most-other","pan2",0.383089266054689,0.346686061264566,0.317628302413913
"2022-10","North China","most-other","pan2",0.381633821991809,0.25037596681214,0.339891264230726
"2022-11","North China","most-other","pan2",0.386159737926008,0.217846390191525,0.337224383604448
"2022-12","North China","most-other","pan2",0.359056732349484,0.360527701351429,0.340040785201788
"2023-01","North China","most-other","pan2",0.316652132945881,0.640456052590364,0.364716265249395
"2023-02","North China","most-other","pan2",0.266787805273355,0.66325515256657,0.425563523564593
"2023-03","North China","most-other","pan2",0.239968052125242,0.69426627316509,0.480489485897844
"2023-04","North China","most-other","pan2",0.22822351767559,0.774792914712712,0.36478889847568
"2023-05","North China","most-other","post",0.249504823501114,0.817528467873826,0.229901664047338
"2023-06","North China","most-other","post",0.262912582994145,0.845906314849451,0.0904084719255566
"2023-07","North China","most-other","post",0.260708175264053,0.994405299470813,0.0989229312428585
"2023-08","North China","most-other","post",0.216534685021546,1,0.109435807089443
"2023-09","North China","most-other","post",0.172361194779041,0.848165362900918,0.127719996775216
"2023-10","North China","most-other","post",0.144028386534821,0.850446152931007,0.161750249966449
"2023-11","North China","most-other","post",0.127564185299453,0.731999194699701,0.204682186993609
"2023-12","North China","most-other","post",0.122968591072937,0.767747243004165,0.232549069400241
"2017-01","Oceania","most-tropical","pre",0.172406311757566,0.932044120467569,0.187192254042074
"2017-02","Oceania","most-tropical","pre",0.189552871156651,0.857532984438544,0.20752004642421
"2017-03","Oceania","most-tropical","pre",0.200678723251458,0.963297573965854,0.226659851374994
"2017-04","Oceania","most-tropical","pre",0.196439720318623,0.919193991783454,0.230183233315759
"2017-05","Oceania","most-tropical","pre",0.188297473227474,0.905621517898452,0.22671398538681
"2017-06","Oceania","most-tropical","pre",0.209432961925763,0.889895050916428,0.206364372220359
"2017-07","Oceania","most-tropical","pre",0.240551002665739,0.978982118608313,0.192525339160293
"2017-08","Oceania","most-tropical","pre",0.255856889256295,0.956237036826563,0.185602499015531
"2017-09","Oceania","most-tropical","pre",0.233752277107408,0.93808594475544,0.202091727856923
"2017-10","Oceania","most-tropical","pre",0.21399459834184,0.974238838788458,0.214663082346266
"2017-11","Oceania","most-tropical","pre",0.199281719635174,0.944187624828133,0.216140718348054
"2017-12","Oceania","most-tropical","pre",0.198792552983497,0.982425456548834,0.203123479922951
"2018-01","Oceania","most-tropical","pre",0.199659595539918,0.981202255841092,0.20060009981872
"2018-02","Oceania","most-tropical","pre",0.204101519030854,0.882698964879211,0.198357111877997
"2018-03","Oceania","most-tropical","pre",0.198891646843401,0.968828877318582,0.210085814478739
"2018-04","Oceania","most-tropical","pre",0.190065919940911,0.939229725919896,0.221058728463213
"2018-05","Oceania","most-tropical","pre",0.184018682022136,0.915401533915114,0.230223369057911
"2018-06","Oceania","most-tropical","pre",0.184335637147848,0.891220961356104,0.232071805182726
"2018-07","Oceania","most-tropical","pre",0.185268190498109,0.993580641754161,0.237160288693756
"2018-08","Oceania","most-tropical","pre",0.188188525310834,0.962701578038377,0.267084342456594
"2018-09","Oceania","most-tropical","pre",0.187890563858474,0.938882469207168,0.292566914223802
"2018-10","Oceania","most-tropical","pre",0.186493014070154,0.994142401104328,0.264137801370362
"2018-11","Oceania","most-tropical","pre",0.176076823303719,0.953454441537958,0.206542373744027
"2018-12","Oceania","most-tropical","pre",0.173839767547383,0.990645845082748,0.127761272257103
"2019-01","Oceania","most-tropical","pre",0.177076349126971,0.98959161469364,0.104194553861602
"2019-02","Oceania","most-tropical","pre",0.1839754915198,0.901334609325135,0.110224480525376
"2019-03","Oceania","most-tropical","pre",0.195492003969342,0.973306416085974,0.15887985486256
"2019-04","Oceania","most-tropical","pre",0.205290676277927,0.948377296863848,0.21812420282072
"2019-05","Oceania","most-tropical","pre",0.219561234885999,0.933135848060399,0.282390842734433
"2019-06","Oceania","most-tropical","pre",0.229489623342884,0.895077467243223,0.339901345679646
"2019-07","Oceania","most-tropical","pre",0.249127476081732,1,0.38831531287852
"2019-08","Oceania","most-tropical","pre",0.253802227076259,0.957867233580912,0.423648032636031
"2019-09","Oceania","most-tropical","pre",0.257906618762542,0.946905007588526,0.427976849754711
"2019-10","Oceania","most-tropical","pre",0.242060850129578,0.979584402886726,0.37244599711655
"2019-11","Oceania","most-tropical","pre",0.242994054220866,0.949125261272248,0.29192687579818
"2019-12","Oceania","most-tropical","pre",0.249060122290437,0.992606529613999,0.227727760952606
"2020-01","Oceania","most-tropical","pre",0.277074481745674,0.981039806775279,0.23725585349758
"2020-02","Oceania","most-tropical","pre",0.292757636492419,0.828328019482709,0.272617952629301
"2020-03","Oceania","most-tropical","pre",0.277333435685747,0.673399006230941,0.251338316235534
"2020-04","Oceania","most-tropical","pan1",0.258186433214206,0.0533419848620761,0.227450136355787
"2020-05","Oceania","most-tropical","pan1",0.25177392691458,0.0526587671781153,0.217178342915231
"2020-06","Oceania","most-tropical","pan1",0.275849179338483,0.095603429573439,0.237753854994794
"2020-07","Oceania","most-tropical","pan1",0.298231768593218,0.180271882675209,0.314229444338308
"2020-08","Oceania","most-tropical","pan1",0.318921694678784,0.14651985773887,0.394701098438947
"2020-09","Oceania","most-tropical","pan1",0.337918957595182,0.183029790363847,0.523993078913858
"2020-10","Oceania","most-tropical","pan1",0.35691622051158,0.221083629594237,0.591270425842304
"2020-11","Oceania","most-tropical","pan1",0.375913483427978,0.222938809570917,0.564281302222523
"2020-12","Oceania","most-tropical","pan1",0.365715713148048,0.354890887212953,0.388696842165058
"2021-01","Oceania","most-tropical","pan1",0.32632290967179,0.319975750255581,0.211908142121934
"2021-02","Oceania","most-tropical","pan1",0.294796306773847,0.302175059072652,0.12979013829177
"2021-03","Oceania","most-tropical","pan1",0.281672130884902,0.431549029282405,0.202108169409789
"2021-04","Oceania","most-tropical","pan2",0.285957059791405,0.543367670446625,0.27228707677799
"2021-05","Oceania","most-tropical","pan2",0.270589859718713,0.537084792706258,0.314086845749153
"2021-06","Oceania","most-tropical","pan2",0.254229337432472,0.474335434845872,0.300549218375719
"2021-07","Oceania","most-tropical","pan2",0.269685599433549,0.357353242407661,0.243489713720404
"2021-08","Oceania","most-tropical","pan2",0.28211770866499,0.222386366296209,0.197855465586981
"2021-09","Oceania","most-tropical","pan2",0.283897122203126,0.180040727552887,0.182148307906166
"2021-10","Oceania","most-tropical","pan2",0.272174038860046,0.195639447850182,0.199552761870117
"2021-11","Oceania","most-tropical","pan2",0.245417864792804,0.239371085719889,0.204560160015658
"2021-12","Oceania","most-tropical","pan2",0.22802579925262,0.41151783673275,0.234703951850272
"2022-01","Oceania","most-tropical","pan2",0.206869264066597,0.41771803430342,0.274565328724664
"2022-02","Oceania","most-tropical","pan2",0.196477108528057,0.359537978553696,0.335651938085137
"2022-03","Oceania","most-tropical","pan2",0.19142417277685,0.473842381552214,0.395092310294967
"2022-04","Oceania","most-tropical","pan2",0.175682794665976,0.621439294065066,0.469037758507064
"2022-05","Oceania","most-tropical","pan2",0.173230614557383,0.638307446094567,0.532286070774805
"2022-06","Oceania","most-tropical","pan2",0.173318409418319,0.698679690850694,0.548390618964271
"2022-07","Oceania","most-tropical","pan2",0.181784075836045,0.783153321524431,0.586996423852614
"2022-08","Oceania","most-tropical","pan2",0.197236923143733,0.718934585662304,0.54694394088517
"2022-09","Oceania","most-tropical","pan2",0.216207352688675,0.741667789447844,0.393523493342183
"2022-10","Oceania","most-tropical","pan2",0.231704651049288,0.772479428067495,0.202565527338583
"2022-11","Oceania","most-tropical","pan2",0.235588269655748,0.761183220769911,0.0898268405295647
"2022-12","Oceania","most-tropical","pan2",0.2420315048203,0.820736116689435,0.120860108700569
"2023-01","Oceania","most-tropical","pan2",0.235296724490941,0.799827932086276,0.14372063999218
"2023-02","Oceania","most-tropical","pan2",0.228272687992389,0.729339477440366,0.165358831091251
"2023-03","Oceania","most-tropical","pan2",0.211744106493605,0.858110231764161,0.187406720086654
"2023-04","Oceania","most-tropical","pan2",0.197477155356308,0.851900368765202,0.218227754375007
"2023-05","Oceania","most-tropical","post",0.185419002887382,0.829993035069085,0.221362863694887
"2023-06","Oceania","most-tropical","post",0.171960943040004,0.811218930451654,0.212383842665096
"2023-07","Oceania","most-tropical","post",0.159804745409027,0.890906660260312,0.190089681690102
"2023-08","Oceania","most-tropical","post",0.144247566154244,0.88782897828155,0.180303534089821
"2023-09","Oceania","most-tropical","post",0.12990861801787,0.892920446421678,0.182095695069969
"2023-10","Oceania","most-tropical","post",0.126157666364607,0.929748988827347,0.192545740930694
"2023-11","Oceania","most-tropical","post",0.134533333605448,0.900430833554687,0.224890373646161
"2023-12","Oceania","most-tropical","post",0.15194243078185,0.924901136060467,0.230505272666839
"2017-01","Russia","most-other","pre",0.1770974797195,0.530321099213404,0.23521909002582
"2017-02","Russia","most-other","pre",0.183169001508992,0.485338717794982,0.29644431864183
"2017-03","Russia","most-other","pre",0.173779807797439,0.535320890329436,0.311614960211461
"2017-04","Russia","most-other","pre",0.172999225272581,0.550655635278639,0.285705956622941
"2017-05","Russia","most-other","pre",0.172722474609707,0.614343142084727,0.233086938279381
"2017-06","Russia","most-other","pre",0.194491173775054,0.706807800479588,0.197851988780521
"2017-07","Russia","most-other","pre",0.200098976430755,0.758568206286169,0.180640136161165
"2017-08","Russia","most-other","pre",0.202382585460525,0.759633688112049,0.169369590558759
"2017-09","Russia","most-other","pre",0.196192678955841,0.701757553180643,0.160454430915604
"2017-10","Russia","most-other","pre",0.202480723474584,0.637536090347119,0.159487280069136
"2017-11","Russia","most-other","pre",0.195002623318286,0.561296450789425,0.178049298535288
"2017-12","Russia","most-other","pre",0.198258895034789,0.560802882853357,0.213170634247989
"2018-01","Russia","most-other","pre",0.192399439301306,0.572509411640403,0.249824740928453
"2018-02","Russia","most-other","pre",0.1968066194987,0.526103841833291,0.26933865985689
"2018-03","Russia","most-other","pre",0.197444597294902,0.608072804105837,0.295100751713096
"2018-04","Russia","most-other","pre",0.210295377529758,0.625049805228719,0.285700358221302
"2018-05","Russia","most-other","pre",0.209572519620934,0.691979700412942,0.277421170500611
"2018-06","Russia","most-other","pre",0.209387163925301,0.800345578562881,0.252721230827492
"2018-07","Russia","most-other","pre",0.206792958018045,0.840977965808067,0.252243225355519
"2018-08","Russia","most-other","pre",0.221601371915388,0.83446900248705,0.24263605273792
"2018-09","Russia","most-other","pre",0.208196669836442,0.781422195466558,0.22509954490451
"2018-10","Russia","most-other","pre",0.191901189583962,0.708174052074715,0.209166820736729
"2018-11","Russia","most-other","pre",0.16753834562718,0.631270265650646,0.203521285224081
"2018-12","Russia","most-other","pre",0.164108030176145,0.659147653885861,0.225161587397073
"2019-01","Russia","most-other","pre",0.157951186735369,0.659180404114679,0.274534875680959
"2019-02","Russia","most-other","pre",0.159749399822851,0.584217792030492,0.33597132985765
"2019-03","Russia","most-other","pre",0.157996574894129,0.675989372261436,0.251086212433104
"2019-04","Russia","most-other","pre",0.169157308415303,0.686827962122219,0.134155692281823
"2019-05","Russia","most-other","pre",0.218400680438471,0.765756939374235,0.010686118132259
"2019-06","Russia","most-other","pre",0.257310479417009,0.833312560661698,0.0259303005856354
"2019-07","Russia","most-other","pre",0.267758827577549,0.887066795769689,0.058046944877
"2019-08","Russia","most-other","pre",0.219071645880763,0.879584583599357,0.0927642198153641
"2019-09","Russia","most-other","pre",0.192847983358861,0.832329243720838,0.122971665479166
"2019-10","Russia","most-other","pre",0.179378006428701,0.737987407016256,0.151512733190856
"2019-11","Russia","most-other","pre",0.196369133773408,0.665866079801082,0.17918297737906
"2019-12","Russia","most-other","pre",0.204148321372902,0.680687699257079,0.208142824307973
"2020-01","Russia","most-other","pre",0.229802262769135,0.684303069923127,0.236218628575569
"2020-02","Russia","most-other","pre",0.247643454446193,0.603647241383421,0.291101132915167
"2020-03","Russia","most-other","pre",0.269554381131818,0.511858418099142,0.211860597288696
"2020-04","Russia","most-other","pan1",0.278158182867201,0.146794047697989,0.123127081018045
"2020-05","Russia","most-other","pan1",0.28143494448513,0.156405256191847,-9.25185853854297e-18
"2020-06","Russia","most-other","pan1",0.28471170610306,0.257180140492695,-9.25185853854297e-18
"2020-07","Russia","most-other","pan1",0.287988467720989,0.480148443015933,-9.25185853854297e-18
"2020-08","Russia","most-other","pan1",0.291265229338919,0.581639087617972,-9.25185853854297e-18
"2020-09","Russia","most-other","pan1",0.294541990956848,0.526871099844107,-9.25185853854297e-18
"2020-10","Russia","most-other","pan1",0.297818752574778,0.441097209044016,-9.25185853854297e-18
"2020-11","Russia","most-other","pan1",0.301095514192707,0.329465913203099,-9.25185853854297e-18
"2020-12","Russia","most-other","pan1",0.304372275810637,0.383039385564046,-9.25185853854297e-18
"2021-01","Russia","most-other","pan1",0.310175353896978,0.479579190805495,-9.25185853854297e-18
"2021-02","Russia","most-other","pan1",0.318504748451732,0.422596801517759,0.0204153975830446
"2021-03","Russia","most-other","pan1",0.329360459474898,0.525425807944095,0.0635060987249499
"2021-04","Russia","most-other","pan2",0.340216170498064,0.562559359789732,0.129209520605315
"2021-05","Russia","most-other","pan2",0.337492581047306,0.696821873819965,0.199419541416644
"2021-06","Russia","most-other","pan2",0.321189691122623,0.854096804815927,0.270838438911829
"2021-07","Russia","most-other","pan2",0.312357841705955,0.951451662571731,0.343397013403711
"2021-08","Russia","most-other","pan2",0.304606502145507,1,0.414539293794727
"2021-09","Russia","most-other","pan2",0.296507172109189,0.864099280177745,0.481255851923551
"2021-10","Russia","most-other","pan2",0.270368344380509,0.762535150079949,0.539151534914123
"2021-11","Russia","most-other","pan2",0.249253221585814,0.630562143212006,0.587711150417887
"2021-12","Russia","most-other","pan2",0.234794765026743,0.646682662202452,0.632572720574645
"2022-01","Russia","most-other","pan2",0.217494194467201,0.632280662286005,0.436415041211825
"2022-02","Russia","most-other","pan2",0.205502454445501,0.54012996633207,0.226087726922671
"2022-03","Russia","most-other","pan2",0.194915103905227,0.513920756713132,-6.93889390390723e-18
"2022-04","Russia","most-other","pan2",0.195607363359485,0.5041491531057,0.0173657308246577
"2022-05","Russia","most-other","pan2",0.196334916769335,0.651318960496165,0.0541213757880297
"2022-06","Russia","most-other","pan2",0.200797744221641,0.810669307052606,0.103356858994012
"2022-07","Russia","most-other","pan2",0.205260571673947,0.956397410023954,0.14119354393129
"2022-08","Russia","most-other","pan2",0.209723399126253,0.970829151314274,0.164850148526065
"2022-09","Russia","most-other","pan2",0.214186226578559,0.895335129156834,0.187257341461639
"2022-10","Russia","most-other","pan2",0.225259152334274,0.710816752517399,0.218715113157087
"2022-11","Russia","most-other","pan2",0.241819769978075,0.560259437360327,0.226729050314722
"2022-12","Russia","most-other","pan2",0.252244211916952,0.548569573000665,0.198082183660789
"2023-01","Russia","most-other","pan2",0.250908760453524,0.537827150772911,0.111421996203405
"2023-02","Russia","most-other","pan2",0.243874621230068,0.481084659804394,0.0429958094876229
"2023-03","Russia","most-other","pan2",0.228077961029136,0.565284688018196,-6.93889390390723e-18
"2023-04","Russia","most-other","pan2",0.202532399244701,0.558573552789955,0.00349363433502897
"2023-05","Russia","most-other","post",0.169802211711637,0.668253027573494,0.0227946745826971
"2023-06","Russia","most-other","post",0.169364091275974,0.79760150285361,0.054259716453272
"2023-07","Russia","most-other","post",0.193594333287348,0.898339470818794,0.088640038595119
"2023-08","Russia","most-other","post",0.194046023015052,0.903646396589532,0.114698888617989
"2023-09","Russia","most-other","post",0.175717206712971,0.786912777114094,0.146870670149176
"2023-10","Russia","most-other","post",0.145826283724652,0.670096761303255,0.193672735479446
"2023-11","Russia","most-other","post",0.14202264410889,0.560296932321941,0.255348820158467
"2023-12","Russia","most-other","post",0.134519249576228,0.591426661301647,0.317927743474248
"2017-01","South America","most-other","pre",0.14891536405823,0.87722944867811,0.273774888896218
"2017-02","South America","most-other","pre",0.159407736879703,0.726798400565724,0.294117275254451
"2017-03","South America","most-other","pre",0.165028016391072,0.811322062936761,0.314397504186992
"2017-04","South America","most-other","pre",0.171633668551405,0.786471327179747,0.32203284338559
"2017-05","South America","most-other","pre",0.176520145809556,0.822174069272407,0.322401612042571
"2017-06","South America","most-other","pre",0.188197572186674,0.789805704955544,0.290419676777459
"2017-07","South America","most-other","pre",0.20519667260564,0.863766604479221,0.274890765465773
"2017-08","South America","most-other","pre",0.226352946586746,0.852551534611769,0.275481152298229
"2017-09","South America","most-other","pre",0.248336547086842,0.825499305781133,0.313982743128833
"2017-10","South America","most-other","pre",0.257015931068834,0.843155001969109,0.337064708189444
"2017-11","South America","most-other","pre",0.248693684612084,0.82376028033219,0.349322332527123
"2017-12","South America","most-other","pre",0.230467849196234,0.874745956139166,0.347536072266207
"2018-01","South America","most-other","pre",0.215021715067716,0.896905939811368,0.356986235933624
"2018-02","South America","most-other","pre",0.201444409463886,0.782443420443668,0.377561313694242
"2018-03","South America","most-other","pre",0.198354674732064,0.850166238828538,0.398263645829872
"2018-04","South America","most-other","pre",0.187994750679665,0.809435052447301,0.41335638439102
"2018-05","South America","most-other","pre",0.185005783723939,0.851008615213023,0.422740257605431
"2018-06","South America","most-other","pre",0.183963868937612,0.821807096267891,0.446681559784025
"2018-07","South America","most-other","pre",0.182778732973766,0.93944376252253,0.480162900253282
"2018-08","South America","most-other","pre",0.186225191734671,0.88801050958252,0.503225383180738
"2018-09","South America","most-other","pre",0.187738151027137,0.850118060326613,0.503619805145972
"2018-10","South America","most-other","pre",0.201980485294778,0.895894593716672,0.482098801942247
"2018-11","South America","most-other","pre",0.19597076068535,0.877744924153355,0.445963015055395
"2018-12","South America","most-other","pre",0.179955303044293,0.963213241614037,0.40845051721793
"2019-01","South America","most-other","pre",0.171710399251609,0.98958194513515,0.386126043600104
"2019-02","South America","most-other","pre",0.175952893170832,0.852762761122594,0.317401079734926
"2019-03","South America","most-other","pre",0.191579546110351,0.902792168406286,0.270394256839687
"2019-04","South America","most-other","pre",0.208133723902514,0.848503103143963,0.224564591248893
"2019-05","South America","most-other","pre",0.226679131824069,0.867522342923998,0.247402152320033
"2019-06","South America","most-other","pre",0.25665160574113,0.851182356779629,0.258371649068537
"2019-07","South America","most-other","pre",0.267706767018129,0.95613232415278,0.275429782444009
"2019-08","South America","most-other","pre",0.267556862979738,0.922764802097317,0.306835664465137
"2019-09","South America","most-other","pre",0.265954830827244,0.895973473077819,0.350817575367228
"2019-10","South America","most-other","pre",0.270990312726274,0.921046128903364,0.380764673711836
"2019-11","South America","most-other","pre",0.286602922245273,0.893149741428625,0.398525208377273
"2019-12","South America","most-other","pre",0.265287171462454,0.964453119385523,0.406834081057576
"2020-01","South America","most-other","pre",0.255255954254611,1,0.439338176895881
"2020-02","South America","most-other","pre",0.245453884230448,0.861771738536765,0.599892598153446
"2020-03","South America","most-other","pre",0.271296053671946,0.642515630704309,0.459841661739935
"2020-04","South America","most-other","pan1",0.301749873464511,0.0608821035262869,0.296848012319579
"2020-05","South America","most-other","pan1",0.347580051311167,0.0568547717126653,1.85037170770859e-17
"2020-06","South America","most-other","pan1",0.393410229157824,0.0608401341869015,1.85037170770859e-17
"2020-07","South America","most-other","pan1",0.419154512581609,0.118490828549499,1.85037170770859e-17
"2020-08","South America","most-other","pan1",0.424812901582522,0.14444737016095,1.85037170770859e-17
"2020-09","South America","most-other","pan1",0.410385396160564,0.197646899874379,1.85037170770859e-17
"2020-10","South America","most-other","pan1",0.395957890738605,0.289165528799303,1.85037170770859e-17
"2020-11","South America","most-other","pan1",0.381530385316647,0.324219930836828,1.85037170770859e-17
"2020-12","South America","most-other","pan1",0.370909695150734,0.422708459696498,1.85037170770859e-17
"2021-01","South America","most-other","pan1",0.360035007989213,0.50136216377816,1.85037170770859e-17
"2021-02","South America","most-other","pan1",0.348906323832085,0.394510065454922,1.85037170770859e-17
"2021-03","South America","most-other","pan1",0.333716827423304,0.357233875581031,1.85037170770859e-17
"2021-04","South America","most-other","pan2",0.318527331014523,0.297580898776278,1.85037170770859e-17
"2021-05","South America","most-other","pan2",0.303337834605742,0.344860221977561,1.85037170770859e-17
"2021-06","South America","most-other","pan2",0.288148338196961,0.428496434043458,1.85037170770859e-17
"2021-07","South America","most-other","pan2",0.27295884178818,0.569904706602697,0.0130201728610957
"2021-08","South America","most-other","pan2",0.257769345379399,0.569625984195382,0.0456251373694638
"2021-09","South America","most-other","pan2",0.242579848970618,0.594642297620108,0.0915393593944124
"2021-10","South America","most-other","pan2",0.227390352561838,0.655618688429398,0.144402102570369
"2021-11","South America","most-other","pan2",0.213989956106364,0.706073078393552,0.203889041442055
"2021-12","South America","most-other","pan2",0.200168699925261,0.790069134425494,0.275370381972345
"2022-01","South America","most-other","pan2",0.191552563287215,0.788898477317872,0.352815003944656
"2022-02","South America","most-other","pan2",0.179571445834436,0.669334843462988,0.4249434031618
"2022-03","South America","most-other","pan2",0.173834400509919,0.750596165842132,0.49047278792448
"2022-04","South America","most-other","pan2",0.167293722263499,0.701564881436616,0.529259910910054
"2022-05","South America","most-other","pan2",0.168016767434514,0.740958625705358,0.511934272115844
"2022-06","South America","most-other","pan2",0.169774231366472,0.706745565191895,0.4806376374291
"2022-07","South America","most-other","pan2",0.184803166868433,0.833243166327941,0.444616337447569
"2022-08","South America","most-other","pan2",0.202880908011175,0.821396831602338,0.451909315897997
"2022-09","South America","most-other","pan2",0.220597225861855,0.788071221394015,0.475875971783891
"2022-10","South America","most-other","pan2",0.22335813010748,0.822619001762137,0.54676442227374
"2022-11","South America","most-other","pan2",0.220422463000723,0.826169952827612,0.622022799440611
"2022-12","South America","most-other","pan2",0.214751010294084,0.919352234867322,0.758477878172169
"2023-01","South America","most-other","pan2",0.211948913753423,0.938444892245158,0.863071813708562
"2023-02","South America","most-other","pan2",0.214355181080076,0.793052349564353,0.954566846020554
"2023-03","South America","most-other","pan2",0.218259510631371,0.877428774294067,0.990271950907209
"2023-04","South America","most-other","pan2",0.216086885258514,0.830628361499743,0.876507440189288
"2023-05","South America","most-other","post",0.222077776066823,0.872514682082254,0.757198183965751
"2023-06","South America","most-other","post",0.192325470107133,0.881353482449055,0.439708390517369
"2023-07","South America","most-other","post",0.169758215238869,0.989823585043967,0.234659767865999
"2023-08","South America","most-other","post",0.151455096070994,0.963428492582063,0.054160786964615
"2023-09","South America","most-other","post",0.156285673341062,0.895701477263254,0.0564555123874191
"2023-10","South America","most-other","post",0.159927157461293,0.92807168133198,0.107209321113831
"2023-11","South America","most-other","post",0.136669073030831,0.928766245152685,0.166637678338196
"2023-12","South America","most-other","post",0.114538528476736,0.966341567181126,0.239054842744994
"2017-01","South China","most-tropical","pre",0.179536527372629,0.779981395293809,0.180993203233905
"2017-02","South China","most-tropical","pre",0.181097674177954,0.725160402933497,0.192342039616069
"2017-03","South China","most-tropical","pre",0.193790013982075,0.779295874087018,0.20401454673497
"2017-04","South China","most-tropical","pre",0.20349337149856,0.77550402491393,0.210051607507034
"2017-05","South China","most-tropical","pre",0.216076178094861,0.801299127809049,0.2250453968584
"2017-06","South China","most-tropical","pre",0.210619455133274,0.785492521898176,0.237828966693702
"2017-07","South China","most-tropical","pre",0.20839280183793,0.849650452160676,0.256593744663443
"2017-08","South China","most-tropical","pre",0.203867688906003,0.858851256167927,0.254422268127734
"2017-09","South China","most-tropical","pre",0.205899139299014,0.808699965150553,0.242749178394291
"2017-10","South China","most-tropical","pre",0.206144153323954,0.84371808105122,0.228166665360053
"2017-11","South China","most-tropical","pre",0.204978714079284,0.823965927245397,0.222319667726017
"2017-12","South China","most-tropical","pre",0.207542670574286,0.841348619627732,0.224131995503967
"2018-01","South China","most-tropical","pre",0.201674283321231,0.848644016117506,0.221838893939555
"2018-02","South China","most-tropical","pre",0.198097789728019,0.830359161014615,0.208043789680564
"2018-03","South China","most-tropical","pre",0.199697067405492,0.87607285547733,0.196588336311237
"2018-04","South China","most-tropical","pre",0.204503708520136,0.85802822597635,0.198658567445941
"2018-05","South China","most-tropical","pre",0.219854835955743,0.885044408656362,0.213196668879799
"2018-06","South China","most-tropical","pre",0.209170045443455,0.859569260629237,0.220360808856831
"2018-07","South China","most-tropical","pre",0.208942687510369,0.914569403846142,0.219842800772502
"2018-08","South China","most-tropical","pre",0.195647134800993,0.931473590906515,0.208621381936896
"2018-09","South China","most-tropical","pre",0.20063831430372,0.873263572863261,0.201510650911474
"2018-10","South China","most-tropical","pre",0.195762207825245,0.912949573950464,0.201125553103715
"2018-11","South China","most-tropical","pre",0.202598853028869,0.883449174707396,0.226855184186288
"2018-12","South China","most-tropical","pre",0.19583745930919,0.903180805945868,0.277572200423456
"2019-01","South China","most-tropical","pre",0.19512429366103,0.937171989181104,0.332963993110667
"2019-02","South China","most-tropical","pre",0.189757316351851,0.896832223679068,0.391144434649414
"2019-03","South China","most-tropical","pre",0.204948872589399,0.921460964987203,0.447031616374578
"2019-04","South China","most-tropical","pre",0.213939415052909,0.914627754356855,0.50623171614416
"2019-05","South China","most-tropical","pre",0.221079623562685,0.943101454440316,0.553252797529276
"2019-06","South China","most-tropical","pre",0.221050021520551,0.91538221167168,0.579989217234199
"2019-07","South China","most-tropical","pre",0.221403929266886,0.989837878463644,0.594250264074363
"2019-08","South China","most-tropical","pre",0.224396969535154,1,0.593609750126465
"2019-09","South China","most-tropical","pre",0.23346128808412,0.92226705303405,0.592846609461127
"2019-10","South China","most-tropical","pre",0.2461885105721,0.947303651180076,0.576702672833024
"2019-11","South China","most-tropical","pre",0.252959607449039,0.914559414985926,0.554200229933483
"2019-12","South China","most-tropical","pre",0.247547376403706,0.944489438998627,0.537024921371606
"2020-01","South China","most-tropical","pre",0.241928134845772,0.98695823276151,0.548583089018522
"2020-02","South China","most-tropical","pre",0.249577575388204,0.36747558618783,0.57759876064126
"2020-03","South China","most-tropical","pre",0.279776865836857,0.369149044587574,0.649365131087248
"2020-04","South China","most-tropical","pan1",0.285868846820664,0.259829090342261,0.729110701379537
"2020-05","South China","most-tropical","pan1",0.272507596688235,0.369193280968528,0.813133434208338
"2020-06","South China","most-tropical","pan1",0.243559169499589,0.440322994594911,0.880935834410009
"2020-07","South China","most-tropical","pan1",0.243652654242692,0.615645393490522,0.971052916199147
"2020-08","South China","most-tropical","pan1",0.255617327894658,0.709492006524879,1.07630090624523
"2020-09","South China","most-tropical","pan1",0.268577523503176,0.692721203179747,1.17708422156929
"2020-10","South China","most-tropical","pan1",0.292819947999082,0.717825051002861,1.25551037056218
"2020-11","South China","most-tropical","pan1",0.304073522430036,0.648213618184147,1.32548704628543
"2020-12","South China","most-tropical","pan1",0.317212828823915,0.638475828618764,1.38177239427238
"2021-01","South China","most-tropical","pan1",0.320955638293329,0.564001662976583,1.42956471983934
"2021-02","South China","most-tropical","pan1",0.339573029790617,0.438738450023631,1.06092050477797
"2021-03","South China","most-tropical","pan1",0.348898438038199,0.791967664321161,0.585356564053629
"2021-04","South China","most-tropical","pan2",0.348931863036074,0.809693428647989,0.0926843790668569
"2021-05","South China","most-tropical","pan2",0.339673304784243,0.856372773470085,0.0144498301796488
"2021-06","South China","most-tropical","pan2",0.330414746532413,0.666905915003465,0.0539709508609111
"2021-07","South China","most-tropical","pan2",0.321156188280582,0.796833225159599,0.119721550838659
"2021-08","South China","most-tropical","pan2",0.311897630028751,0.388467967256049,0.197099860121152
"2021-09","South China","most-tropical","pan2",0.315743316382153,0.559812049606185,0.274368360470745
"2021-10","South China","most-tropical","pan2",0.332693247340788,0.624292321685094,0.353767008344118
"2021-11","South China","most-tropical","pan2",0.362747422904654,0.424539972772183,0.432324634483846
"2021-12","South China","most-tropical","pan2",0.385406194674545,0.490073122607992,0.510736862371567
"2022-01","South China","most-tropical","pan2",0.400669562650458,0.499795500789042,0.588845598034603
"2022-02","South China","most-tropical","pan2",0.408537526832396,0.50823022408049,0.66719007467029
"2022-03","South China","most-tropical","pan2",0.413752293468034,0.318587354113345,0.74129485433448
"2022-04","South China","most-tropical","pan2",0.414042017035883,0.19350796213345,0.808608755472853
"2022-05","South China","most-tropical","pan2",0.411400912388076,0.257768012275972,0.876134696938159
"2022-06","South China","most-tropical","pan2",0.404266903016267,0.389319147871869,0.931123419121772
"2022-07","South China","most-tropical","pan2",0.394881774397472,0.561132343420854,0.950073905496847
"2022-08","South China","most-tropical","pan2",0.37199989355653,0.531248838957157,0.875891915703553
"2022-09","South China","most-tropical","pan2",0.356564859619629,0.366104829170253,0.74209347853381
"2022-10","South China","most-tropical","pan2",0.339791594238011,0.35137053388979,0.638621027988116
"2022-11","South China","most-tropical","pan2",0.347308536891897,0.3207732280696,0.53599193416107
"2022-12","South China","most-tropical","pan2",0.356000749717588,0.411688331163978,0.473496753602447
"2023-01","South China","most-tropical","pan2",0.335435483081428,0.688354748065897,0.359762320264169
"2023-02","South China","most-tropical","pan2",0.288310775131671,0.706323955185978,0.329716414115075
"2023-03","South China","most-tropical","pan2",0.229792266052719,0.77324882567327,0.32847710813778
"2023-04","South China","most-tropical","pan2",0.208749544603517,0.831943861256444,0.378446703985783
"2023-05","South China","most-tropical","post",0.188584294465798,0.846714479664964,0.403596953033847
"2023-06","South China","most-tropical","post",0.165515901681945,0.85141858419919,0.40500218377539
"2023-07","South China","most-tropical","post",0.13237424821702,0.970937268504921,0.38534554822999
"2023-08","South China","most-tropical","post",0.127574195830887,0.975461054653439,0.351617080443756
"2023-09","South China","most-tropical","post",0.12405397026434,0.842317487178455,0.29560311295988
"2023-10","South China","most-tropical","post",0.120755042291759,0.884384157968661,0.245473986747955
"2023-11","South China","most-tropical","post",0.113079070321489,0.809221409598895,0.220000235944079
"2023-12","South China","most-tropical","post",0.123089415178114,0.849915714775854,0.204384821084128
"2017-01","South-eastern Asia","most-tropical","pre",0.204405009236719,0.858399381903644,0.181393267748378
"2017-02","South-eastern Asia","most-tropical","pre",0.224745483853419,0.780298726770133,0.223384104948565
"2017-03","South-eastern Asia","most-tropical","pre",0.227490146931715,0.854298531463835,0.271416045967872
"2017-04","South-eastern Asia","most-tropical","pre",0.217806978704419,0.841556586907,0.323891700497497
"2017-05","South-eastern Asia","most-tropical","pre",0.198280811323678,0.862237557927778,0.378383036329145
"2017-06","South-eastern Asia","most-tropical","pre",0.192893943010002,0.843742161757771,0.429502037221892
"2017-07","South-eastern Asia","most-tropical","pre",0.197043394279526,0.903985947990527,0.467146961705409
"2017-08","South-eastern Asia","most-tropical","pre",0.197656264933918,0.873297626801879,0.484224041299083
"2017-09","South-eastern Asia","most-tropical","pre",0.194151839902137,0.839386322992092,0.48241299956603
"2017-10","South-eastern Asia","most-tropical","pre",0.187191489727208,0.867728580100248,0.462793494106204
"2017-11","South-eastern Asia","most-tropical","pre",0.183264603725532,0.86131700321992,0.453480738368778
"2017-12","South-eastern Asia","most-tropical","pre",0.180014801961561,0.923719478300071,0.443685532344215
"2018-01","South-eastern Asia","most-tropical","pre",0.176651947931455,0.928902321955481,0.443279592925433
"2018-02","South-eastern Asia","most-tropical","pre",0.17834508738133,0.839642229974115,0.433161323728237
"2018-03","South-eastern Asia","most-tropical","pre",0.181067571551357,0.927944531051604,0.443658556731769
"2018-04","South-eastern Asia","most-tropical","pre",0.188147704372817,0.90471085955992,0.459572270815053
"2018-05","South-eastern Asia","most-tropical","pre",0.181904235994658,0.890411211010204,0.472216813548108
"2018-06","South-eastern Asia","most-tropical","pre",0.190428516984768,0.923269306163812,0.465831594896523
"2018-07","South-eastern Asia","most-tropical","pre",0.194596202486312,0.939770789778187,0.464806354461283
"2018-08","South-eastern Asia","most-tropical","pre",0.201776499538906,0.924653996581435,0.470579937242472
"2018-09","South-eastern Asia","most-tropical","pre",0.19286802445283,0.879584388933047,0.449994546043075
"2018-10","South-eastern Asia","most-tropical","pre",0.184635962953933,0.917337910854036,0.374125166900938
"2018-11","South-eastern Asia","most-tropical","pre",0.180332278011682,0.895397615358485,0.282964316816079
"2018-12","South-eastern Asia","most-tropical","pre",0.174577333502548,0.952205168255396,0.217189251060558
"2019-01","South-eastern Asia","most-tropical","pre",0.176076002006187,0.921979972254747,0.194014860183287
"2019-02","South-eastern Asia","most-tropical","pre",0.185266188080642,0.848156059592245,0.192137473315241
"2019-03","South-eastern Asia","most-tropical","pre",0.19612612135517,0.919483861002792,0.204183499992114
"2019-04","South-eastern Asia","most-tropical","pre",0.194901184106901,0.889619360029216,0.225269970696098
"2019-05","South-eastern Asia","most-tropical","pre",0.194863303395178,0.893184633932519,0.23662909012861
"2019-06","South-eastern Asia","most-tropical","pre",0.203382497182813,0.915393360755628,0.228671574091182
"2019-07","South-eastern Asia","most-tropical","pre",0.213008139373645,0.932318896049678,0.233251717366084
"2019-08","South-eastern Asia","most-tropical","pre",0.226753758005688,0.923388272135472,0.249988333850267
"2019-09","South-eastern Asia","most-tropical","pre",0.230014074485028,0.876442309297012,0.289122759425361
"2019-10","South-eastern Asia","most-tropical","pre",0.241414817956242,0.921815747156675,0.314492341399378
"2019-11","South-eastern Asia","most-tropical","pre",0.234971409985871,0.929131128581025,0.341943022384783
"2019-12","South-eastern Asia","most-tropical","pre",0.239560924762889,0.992522690117958,0.369796220046526
"2020-01","South-eastern Asia","most-tropical","pre",0.244264660555936,1,0.392114924180996
"2020-02","South-eastern Asia","most-tropical","pre",0.252791973792535,0.797401103373406,0.409113790103001
"2020-03","South-eastern Asia","most-tropical","pre",0.241736400420967,0.550494195670147,0.43222587671609
"2020-04","South-eastern Asia","most-tropical","pan1",0.233567806313633,0.133195832963447,0.488256130733582
"2020-05","South-eastern Asia","most-tropical","pan1",0.237014977588674,0.15694866766839,0.564607606697132
"2020-06","South-eastern Asia","most-tropical","pan1",0.259544050498385,0.192887904933297,0.659392003787752
"2020-07","South-eastern Asia","most-tropical","pan1",0.270405082675251,0.321499306858623,0.751503531449001
"2020-08","South-eastern Asia","most-tropical","pan1",0.260562105231412,0.271296554852637,0.83817451781089
"2020-09","South-eastern Asia","most-tropical","pan1",0.217602545630585,0.282033961064351,0.894914019481086
"2020-10","South-eastern Asia","most-tropical","pan1",0.185039878756697,0.292652309438791,0.911474053151918
"2020-11","South-eastern Asia","most-tropical","pan1",0.179691134982697,0.297766927563993,0.917571623476313
"2020-12","South-eastern Asia","most-tropical","pan1",0.213968886844868,0.346633616684658,0.952800273481869
"2021-01","South-eastern Asia","most-tropical","pan1",0.234653959527402,0.265276509224211,1.04876561380164
"2021-02","South-eastern Asia","most-tropical","pan1",0.246382762080165,0.236500370815556,1.14968670984306
"2021-03","South-eastern Asia","most-tropical","pan1",0.24879987225234,0.354360739796249,1.15428968952851
"2021-04","South-eastern Asia","most-tropical","pan2",0.292288348302364,0.352028976129853,1.05043608762637
"2021-05","South-eastern Asia","most-tropical","pan2",0.296475237786601,0.219032675282579,0.978099731091901
"2021-06","South-eastern Asia","most-tropical","pan2",0.324909231935529,0.222225648469425,0.713828613697511
"2021-07","South-eastern Asia","most-tropical","pan2",0.304325832050669,0.137523958935213,0.525895272750194
"2021-08","South-eastern Asia","most-tropical","pan2",0.307440511585541,0.106865004121551,0.292716789097756
"2021-09","South-eastern Asia","most-tropical","pan2",0.271060001560483,0.141389572156414,0.293745895631582
"2021-10","South-eastern Asia","most-tropical","pan2",0.240537443980843,0.209320550580029,0.297493035231159
"2021-11","South-eastern Asia","most-tropical","pan2",0.22133269360472,0.260210396143824,0.344414595613907
"2021-12","South-eastern Asia","most-tropical","pan2",0.230751816107336,0.336543679328739,0.410165322331584
"2022-01","South-eastern Asia","most-tropical","pan2",0.239290197620334,0.331896228478604,0.451999173472401
"2022-02","South-eastern Asia","most-tropical","pan2",0.24183422253291,0.352040030625546,0.445471411506036
"2022-03","South-eastern Asia","most-tropical","pan2",0.219626202923022,0.411755558949139,0.437920732230088
"2022-04","South-eastern Asia","most-tropical","pan2",0.204409331746621,0.452730226178963,0.427466404691358
"2022-05","South-eastern Asia","most-tropical","pan2",0.19079790686381,0.548269547311052,0.41557000680178
"2022-06","South-eastern Asia","most-tropical","pan2",0.189461237012072,0.56637950598163,0.398992293320198
"2022-07","South-eastern Asia","most-tropical","pan2",0.195211749138299,0.618258315514721,0.402577747561859
"2022-08","South-eastern Asia","most-tropical","pan2",0.207644367627314,0.580241506740624,0.432698113937042
"2022-09","South-eastern Asia","most-tropical","pan2",0.214001765495276,0.550939590794416,0.476779832037793
"2022-10","South-eastern Asia","most-tropical","pan2",0.214051558290902,0.594928920052019,0.530886214583788
"2022-11","South-eastern Asia","most-tropical","pan2",0.214354647847249,0.606608132550569,0.576748610956524
"2022-12","South-eastern Asia","most-tropical","pan2",0.217094053503046,0.674441610934605,0.624920393102183
"2023-01","South-eastern Asia","most-tropical","pan2",0.223696960653283,0.69466098786097,0.657110914542247
"2023-02","South-eastern Asia","most-tropical","pan2",0.221615026564225,0.628389867994317,0.675776159182209
"2023-03","South-eastern Asia","most-tropical","pan2",0.212370952226157,0.699381655606404,0.695340017202874
"2023-04","South-eastern Asia","most-tropical","pan2",0.197674285596173,0.691605476256306,0.688163852710686
"2023-05","South-eastern Asia","most-tropical","post",0.186662661492292,0.738607568985642,0.659482661763
"2023-06","South-eastern Asia","most-tropical","post",0.170390316053615,0.742456891371084,0.587721408981879
"2023-07","South-eastern Asia","most-tropical","post",0.163763795445751,0.794356401289462,0.537183788791146
"2023-08","South-eastern Asia","most-tropical","post",0.144722746010635,0.768388870333736,0.567991466908872
"2023-09","South-eastern Asia","most-tropical","post",0.137737215338827,0.703802045277683,0.635499969402842
"2023-10","South-eastern Asia","most-tropical","post",0.122358944602085,0.733228929082409,0.688246880707811
"2023-11","South-eastern Asia","most-tropical","post",0.122425743482944,0.71088136269289,0.636438558643047
"2023-12","South-eastern Asia","most-tropical","post",0.122247248415909,0.781249597131,0.52371842436769
"2017-01","Southern Asia","most-tropical","pre",0.179082257671109,0.745644686438012,0.149944950109315
"2017-02","Southern Asia","most-tropical","pre",0.170946942422238,0.67951540765811,0.191386869574627
"2017-03","Southern Asia","most-tropical","pre",0.223159554312388,0.77388208266441,0.236632205997364
"2017-04","Southern Asia","most-tropical","pre",0.246052788387305,0.775327718477866,0.272136528415005
"2017-05","Southern Asia","most-tropical","pre",0.267516477826626,0.813487692626496,0.277805593197109
"2017-06","Southern Asia","most-tropical","pre",0.215788676630967,0.797441135097128,0.267190272962215
"2017-07","Southern Asia","most-tropical","pre",0.208039969892703,0.818765550095757,0.267311924759193
"2017-08","Southern Asia","most-tropical","pre",0.193823090334706,0.813031120108168,0.29839074298509
"2017-09","Southern Asia","most-tropical","pre",0.192370915759076,0.798291732887678,0.340192495404082
"2017-10","Southern Asia","most-tropical","pre",0.183423272456664,0.833679655607478,0.372307169465387
"2017-11","Southern Asia","most-tropical","pre",0.178426509583768,0.836690371215108,0.371848954133937
"2017-12","Southern Asia","most-tropical","pre",0.18545349516236,0.888758547937149,0.322880002191251
"2018-01","Southern Asia","most-tropical","pre",0.190920289827684,0.90397738945026,0.265052934260053
"2018-02","Southern Asia","most-tropical","pre",0.188867417538328,0.812193501710371,0.231791479213892
"2018-03","Southern Asia","most-tropical","pre",0.181740084188538,0.89582756160624,0.254151480887474
"2018-04","Southern Asia","most-tropical","pre",0.175879122714096,0.866293904474355,0.300566996032131
"2018-05","Southern Asia","most-tropical","pre",0.18152593348617,0.890956764747611,0.3405219366048
"2018-06","Southern Asia","most-tropical","pre",0.207521008619493,0.872055747834567,0.375328143460915
"2018-07","Southern Asia","most-tropical","pre",0.226945246063479,0.901944548006074,0.408964765299218
"2018-08","Southern Asia","most-tropical","pre",0.238839014221193,0.904487390072376,0.459573380850927
"2018-09","Southern Asia","most-tropical","pre",0.220213763190846,0.889635272350179,0.488728463669493
"2018-10","Southern Asia","most-tropical","pre",0.201037979484072,0.914804944343021,0.447984300040406
"2018-11","Southern Asia","most-tropical","pre",0.179412003627593,0.892573818058453,0.373234175070192
"2018-12","Southern Asia","most-tropical","pre",0.16911207788799,0.928874494195302,0.260507503445761
"2019-01","Southern Asia","most-tropical","pre",0.159238526741542,0.929819360420282,0.198296279299362
"2019-02","Southern Asia","most-tropical","pre",0.157693133536563,0.830981284610782,0.155434437169128
"2019-03","Southern Asia","most-tropical","pre",0.183972393644412,0.875230943677939,0.177550236936307
"2019-04","Southern Asia","most-tropical","pre",0.230987357240501,0.810002110270235,0.225121967436229
"2019-05","Southern Asia","most-tropical","pre",0.26918925184504,0.847534709805394,0.289678872126797
"2019-06","Southern Asia","most-tropical","pre",0.274638755137961,0.847363572036301,0.347320743490555
"2019-07","Southern Asia","most-tropical","pre",0.254964223208989,0.867951238659256,0.39440847850121
"2019-08","Southern Asia","most-tropical","pre",0.237079313978101,0.882445583895886,0.431671130074674
"2019-09","Southern Asia","most-tropical","pre",0.236995495213461,0.858486408114179,0.462906552385672
"2019-10","Southern Asia","most-tropical","pre",0.222070947990408,0.905356002364935,0.478877931019496
"2019-11","Southern Asia","most-tropical","pre",0.230216504169606,0.903114203886567,0.482209434642743
"2019-12","Southern Asia","most-tropical","pre",0.216725803685126,0.932203988164584,0.49707043775045
"2020-01","Southern Asia","most-tropical","pre",0.226672142178926,0.938232524478463,0.525515947583171
"2020-02","Southern Asia","most-tropical","pre",0.241437042554725,0.855956601386289,0.544333272713354
"2020-03","Southern Asia","most-tropical","pre",0.271264298726214,0.641999535874818,0.572052179962349
"2020-04","Southern Asia","most-tropical","pan1",0.311033318773633,0.13123861226123,0.611741441230039
"2020-05","Southern Asia","most-tropical","pan1",0.333631501624361,0.152265452302746,0.691592389071346
"2020-06","Southern Asia","most-tropical","pan1",0.35622968447509,0.17377219420215,0.773968590125979
"2020-07","Southern Asia","most-tropical","pan1",0.378827867325818,0.238993139272017,0.863030261385815
"2020-08","Southern Asia","most-tropical","pan1",0.386191038988429,0.257092398954309,0.950756727023552
"2020-09","Southern Asia","most-tropical","pan1",0.340414401465636,0.299127896698356,1.03707872677125
"2020-10","Southern Asia","most-tropical","pan1",0.279264774052642,0.347242897251099,1.11935862535601
"2020-11","Southern Asia","most-tropical","pan1",0.24378766693017,0.361917835073094,1.19852229057603
"2020-12","Southern Asia","most-tropical","pan1",0.257485348872584,0.422110216527601,1.27275699903881
"2021-01","Southern Asia","most-tropical","pan1",0.261725174856114,0.430203315473987,1.33709686270446
"2021-02","Southern Asia","most-tropical","pan1",0.247890566033802,0.485447023713351,1.39488583959137
"2021-03","Southern Asia","most-tropical","pan1",0.239625582676858,0.554803919418559,1.46424071483564
"2021-04","Southern Asia","most-tropical","pan2",0.239845919844053,0.501416767853714,1.53365838981973
"2021-05","Southern Asia","most-tropical","pan2",0.246341612731466,0.301676892787083,1.59541112050579
"2021-06","Southern Asia","most-tropical","pan2",0.256989492143721,0.322669326248674,1.62724072725712
"2021-07","Southern Asia","most-tropical","pan2",0.281428610639444,0.409421237688039,1.64103291939144
"2021-08","Southern Asia","most-tropical","pan2",0.286230258427006,0.466973767304552,1.61699737349519
"2021-09","Southern Asia","most-tropical","pan2",0.267218932459241,0.514661622755292,1.53802993492396
"2021-10","Southern Asia","most-tropical","pan2",0.248232334436642,0.621983354152578,1.44562805957309
"2021-11","Southern Asia","most-tropical","pan2",0.232291070994467,0.670471288464319,1.46981129996334
"2021-12","Southern Asia","most-tropical","pan2",0.21718935891801,0.726022418096675,1.53764477525729
"2022-01","Southern Asia","most-tropical","pan2",0.196091340822596,0.677309246564153,1.60614897678142
"2022-02","Southern Asia","most-tropical","pan2",0.184421164522871,0.615952524066703,1.56679007594236
"2022-03","Southern Asia","most-tropical","pan2",0.181441754427796,0.836282583310918,1.51562231212287
"2022-04","Southern Asia","most-tropical","pan2",0.178462344332721,0.831569497263362,1.44304988646473
"2022-05","Southern Asia","most-tropical","pan2",0.175716151494015,0.875835548408436,1.34812731780557
"2022-06","Southern Asia","most-tropical","pan2",0.175794298215464,0.845401781578303,1.28215827291022
"2022-07","Southern Asia","most-tropical","pan2",0.179846457959104,0.841803133046384,1.33939625387243
"2022-08","Southern Asia","most-tropical","pan2",0.187919709133165,0.846539716270474,1.41436636552404
"2022-09","Southern Asia","most-tropical","pan2",0.195681506304563,0.828614615422831,1.39275723492294
"2022-10","Southern Asia","most-tropical","pan2",0.198872838278425,0.832346638404412,1.12368818941907
"2022-11","Southern Asia","most-tropical","pan2",0.208761428872598,0.825011155564288,0.839211754895289
"2022-12","Southern Asia","most-tropical","pan2",0.214420356668808,0.918439509987643,0.648187235942718
"2023-01","Southern Asia","most-tropical","pan2",0.217061508357483,0.926340715325664,0.617813702603985
"2023-02","Southern Asia","most-tropical","pan2",0.213897645608748,0.85360822642864,0.583846369358344
"2023-03","Southern Asia","most-tropical","pan2",0.200972422652269,0.956622365910565,0.550731155898063
"2023-04","Southern Asia","most-tropical","pan2",0.18755286943547,0.905977782412565,0.522217021830215
"2023-05","Southern Asia","most-tropical","post",0.165253702174626,0.910460875858374,0.538409606646165
"2023-06","Southern Asia","most-tropical","post",0.152839999907904,0.902535278213284,0.536693810399564
"2023-07","Southern Asia","most-tropical","post",0.146758230107711,0.974277976521621,0.513363276088812
"2023-08","Southern Asia","most-tropical","post",0.155006316684142,0.980312219292659,0.435447271876686
"2023-09","Southern Asia","most-tropical","post",0.154413572826407,0.952083718425949,0.316810289978408
"2023-10","Southern Asia","most-tropical","post",0.161105063709642,0.982396978307854,0.21962270718059
"2023-11","Southern Asia","most-tropical","post",0.15190818374315,0.932953883769985,0.179500522850217
"2023-12","Southern Asia","most-tropical","post",0.147853231017458,1,0.12514345451742
"2017-01","Western Asia","most-other","pre",0.185888185262121,0.690177115637078,0.207285824226065
"2017-02","Western Asia","most-other","pre",0.193300051159963,0.622614942242151,0.250387527747737
"2017-03","Western Asia","most-other","pre",0.205531680803429,0.701297943125382,0.282729973121025
"2017-04","Western Asia","most-other","pre",0.206654702501091,0.737623031430223,0.259313194185456
"2017-05","Western Asia","most-other","pre",0.193318306048685,0.758319579727091,0.217331676212984
"2017-06","Western Asia","most-other","pre",0.179555268608742,0.740505365669977,0.156847985151878
"2017-07","Western Asia","most-other","pre",0.183595668042444,0.812827644955307,0.14180831608823
"2017-08","Western Asia","most-other","pre",0.190201883819809,0.835130646894231,0.14353234124072
"2017-09","Western Asia","most-other","pre",0.194042361327415,0.778215066103663,0.164444435609198
"2017-10","Western Asia","most-other","pre",0.188564064880175,0.745994434988882,0.184421739473729
"2017-11","Western Asia","most-other","pre",0.193399010484858,0.708989616503646,0.200468956274906
"2017-12","Western Asia","most-other","pre",0.197650730462121,0.745139469472832,0.194124956067495
"2018-01","Western Asia","most-other","pre",0.197811234304757,0.739310340465911,0.186280312946345
"2018-02","Western Asia","most-other","pre",0.197147016244096,0.664091959145161,0.181003584756292
"2018-03","Western Asia","most-other","pre",0.191956840407246,0.7648043087849,0.195795901571719
"2018-04","Western Asia","most-other","pre",0.200980468868605,0.779453778518006,0.214809464488918
"2018-05","Western Asia","most-other","pre",0.199178039156433,0.787941308324919,0.245500731831872
"2018-06","Western Asia","most-other","pre",0.200724067631382,0.796501617715991,0.284993094129845
"2018-07","Western Asia","most-other","pre",0.19555250870799,0.878804138025314,0.333560829667717
"2018-08","Western Asia","most-other","pre",0.19199792308743,0.897498712613806,0.381380496539741
"2018-09","Western Asia","most-other","pre",0.188302631654905,0.805329693705466,0.426644737385474
"2018-10","Western Asia","most-other","pre",0.184781574832169,0.789978309640644,0.472866254683806
"2018-11","Western Asia","most-other","pre",0.1766249575455,0.713174442592792,0.512427934207099
"2018-12","Western Asia","most-other","pre",0.18635235055997,0.739694330611477,0.56893514873275
"2019-01","Western Asia","most-other","pre",0.175382478965979,0.745348175633288,0.590108802481747
"2019-02","Western Asia","most-other","pre",0.174876615177634,0.673929365370297,0.560299179936731
"2019-03","Western Asia","most-other","pre",0.187432470548924,0.755306670351052,0.524452907758535
"2019-04","Western Asia","most-other","pre",0.191482211477527,0.755171570815484,0.474813546833447
"2019-05","Western Asia","most-other","pre",0.209334101869635,0.760675770114786,0.449772492693654
"2019-06","Western Asia","most-other","pre",0.232565916683311,0.8172378153184,0.384634157205862
"2019-07","Western Asia","most-other","pre",0.238056247485473,0.862545295682872,0.337007671896989
"2019-08","Western Asia","most-other","pre",0.239774517940473,0.883361229741455,0.300666729029622
"2019-09","Western Asia","most-other","pre",0.202693470931698,0.807890309101608,0.272763875510716
"2019-10","Western Asia","most-other","pre",0.234470083364779,0.774520091373406,0.238511683965267
"2019-11","Western Asia","most-other","pre",0.238977167105191,0.71724508841187,0.212843736739213
"2019-12","Western Asia","most-other","pre",0.279265462436901,0.737144904589906,0.199875457947825
"2020-01","Western Asia","most-other","pre",0.29607710408685,0.746525881631498,0.224603281948459
"2020-02","Western Asia","most-other","pre",0.321083740728808,0.664587648438608,0.249898645116029
"2020-03","Western Asia","most-other","pre",0.310270690179877,0.44414680167539,0.290792501197297
"2020-04","Western Asia","most-other","pan1",0.297280020864343,0.0951582846494187,0.336397331287707
"2020-05","Western Asia","most-other","pan1",0.287983009846525,0.0536620998612761,0.399380160115118
"2020-06","Western Asia","most-other","pan1",0.278685998828708,0.123362562736512,0.463925227866547
"2020-07","Western Asia","most-other","pan1",0.26938898781089,0.233757564686139,0.518937565604792
"2020-08","Western Asia","most-other","pan1",0.260091976793073,0.279607827016161,0.553454034583343
"2020-09","Western Asia","most-other","pan1",0.250794965775256,0.262351622203903,0.590679245664345
"2020-10","Western Asia","most-other","pan1",0.25398887293645,0.259405167982918,0.607908886966031
"2020-11","Western Asia","most-other","pan1",0.269673698276654,0.221581433227529,0.514515304505512
"2020-12","Western Asia","most-other","pan1",0.271882632484361,0.223055560352932,0.412605346599717
"2021-01","Western Asia","most-other","pan1",0.276289725984956,0.247894998909036,0.337480640201983
"2021-02","Western Asia","most-other","pan1",0.261445087544032,0.233446256825823,0.378420328633377
"2021-03","Western Asia","most-other","pan1",0.258365271985198,0.253760955553128,0.404200163071072
"2021-04","Western Asia","most-other","pan2",0.238885310704057,0.275544332666917,0.40508112944997
"2021-05","Western Asia","most-other","pan2",0.224455094935017,0.246963751048092,0.403063655215116
"2021-06","Western Asia","most-other","pan2",0.22343765116645,0.374684964375221,0.40921252095902
"2021-07","Western Asia","most-other","pan2",0.222936048094778,0.447613318566602,0.39877271673014
"2021-08","Western Asia","most-other","pan2",0.250981129653721,0.481787322584561,0.353079294842664
"2021-09","Western Asia","most-other","pan2",0.256707341180975,0.454454794075372,0.318077162734974
"2021-10","Western Asia","most-other","pan2",0.265225614661899,0.48370284621202,0.31086606367407
"2021-11","Western Asia","most-other","pan2",0.242491691309515,0.510333168492764,0.340281597209809
"2021-12","Western Asia","most-other","pan2",0.23709836923639,0.533868412468563,0.353999686136109
"2022-01","Western Asia","most-other","pan2",0.228940062104595,0.486544850053867,0.348573749238686
"2022-02","Western Asia","most-other","pan2",0.238560338623068,0.450933497898222,0.331377055355478
"2022-03","Western Asia","most-other","pan2",0.254819183341072,0.563987873636933,0.28890696370457
"2022-04","Western Asia","most-other","pan2",0.256229670520953,0.559025726561362,0.254547640659802
"2022-05","Western Asia","most-other","pan2",0.251936768058583,0.66538511029926,0.229332818425357
"2022-06","Western Asia","most-other","pan2",0.240195216450638,0.686389609644073,0.234140205634791
"2022-07","Western Asia","most-other","pan2",0.231661416457094,0.801055498568125,0.260646092705186
"2022-08","Western Asia","most-other","pan2",0.230574308468798,0.814828840272408,0.299801492455318
"2022-09","Western Asia","most-other","pan2",0.230498549892073,0.766942306368481,0.345258990278058
"2022-10","Western Asia","most-other","pan2",0.245061608050583,0.744757473954906,0.380845737787562
"2022-11","Western Asia","most-other","pan2",0.245719577084448,0.694591129307088,0.376318608646372
"2022-12","Western Asia","most-other","pan2",0.237605350072877,0.739121385984043,0.385049830093261
"2023-01","Western Asia","most-other","pan2",0.226296519828858,0.722311783165489,0.397703153311403
"2023-02","Western Asia","most-other","pan2",0.223172847160183,0.662582707113499,0.43333371715991
"2023-03","Western Asia","most-other","pan2",0.206263071547096,0.745883903427914,0.433884283691442
"2023-04","Western Asia","most-other","pan2",0.208783031520242,0.758672142324953,0.405202753561913
"2023-05","Western Asia","most-other","post",0.195545979346305,0.803854009797514,0.373519008978176
"2023-06","Western Asia","most-other","post",0.191272089278146,0.870220428246554,0.358982969057642
"2023-07","Western Asia","most-other","post",0.192029506606566,0.986695541739651,0.374263322793309
"2023-08","Western Asia","most-other","post",0.192081119280185,1,0.416629709192769
"2023-09","Western Asia","most-other","post",0.196316561192141,0.895541058558619,0.468212351669604
"2023-10","Western Asia","most-other","post",0.172918319875134,0.867253735852434,0.51035214619773
"2023-11","Western Asia","most-other","post",0.157241142710467,0.73902053566455,0.511721650978332
"2023-12","Western Asia","most-other","post",0.144694191089686,0.776388765576035,0.466362701488696
