"Site","Partition","&alpha;","&beta;","&beta;-&alpha;","Prob[&alpha;>&beta;]","Prob[&alpha;<&beta;]","BayesFactor[&alpha;<&beta;]"
1,1,"2.554","0.037","-2.517","0.986","0.006","0.031"
2,1,"2.798","1.175","-1.623","0.951","0.002","0.008"
3,1,"0.477","0.898","0.421","0.136","0.809","20.880"
4,1,"0.982","0.457","-0.525","0.657","0.294","2.058"
5,1,"0.646","0.534","-0.113","0.542","0.385","3.086"
6,1,"0.481","0.548","0.067","0.368","0.572","6.590"
7,1,"0.283","0.180","-0.103","0.532","0.337","2.501"
8,1,"0.995","0.084","-0.911","0.983","0.011","0.054"
9,1,"2.655","0.235","-2.420","0.906","0.074","0.394"
10,1,"0.513","0.415","-0.098","0.494","0.444","3.939"
11,1,"1.413","1.160","-0.253","0.422","0.431","3.738"
12,1,"0.893","0.370","-0.523","0.791","0.163","0.957"
13,1,"0.991","0.395","-0.596","0.866","0.096","0.521"
14,1,"0.910","0.884","-0.026","0.391","0.490","4.742"
15,1,"1.696","0.061","-1.635","0.996","0.003","0.013"
16,1,"2.146","0.200","-1.946","0.995","0.003","0.014"
17,1,"4.555","0.090","-4.466","1.000","0.000","0.000"
18,1,"0.322","0.412","0.090","0.325","0.608","7.632"
19,1,"0.831","0.098","-0.733","0.949","0.033","0.168"
20,1,"2.471","0.042","-2.430","1.000","0.000","0.000"
21,1,"2.829","0.038","-2.791","1.000","0.000","0.000"
22,1,"1.912","0.270","-1.643","0.953","0.034","0.172"
23,1,"2.728","0.168","-2.560","1.000","0.000","0.001"
24,1,"2.852","0.043","-2.809","1.000","0.000","0.000"
25,1,"0.841","0.422","-0.419","0.734","0.212","1.324"
26,1,"2.755","0.977","-1.778","0.985","0.004","0.018"
27,1,"2.089","0.058","-2.031","0.998","0.001","0.005"
28,1,"2.107","0.049","-2.058","0.999","0.001","0.003"
29,1,"1.532","0.070","-1.462","0.996","0.003","0.012"
30,1,"2.788","0.946","-1.842","0.994","0.001","0.005"
31,1,"1.601","0.190","-1.411","0.992","0.005","0.024"
32,1,"1.151","0.244","-0.907","0.909","0.067","0.352"
33,1,"1.160","0.204","-0.956","0.972","0.018","0.092"
34,1,"2.833","0.036","-2.797","1.000","0.000","0.000"
35,1,"2.470","0.042","-2.428","1.000","0.000","0.000"
36,1,"2.622","0.071","-2.551","0.999","0.001","0.003"
37,1,"2.796","0.038","-2.758","1.000","0.000","0.000"
38,1,"2.735","0.045","-2.691","1.000","0.000","0.000"
39,1,"2.758","0.038","-2.720","1.000","0.000","0.000"
40,1,"2.426","0.339","-2.087","0.993","0.004","0.019"
41,1,"2.837","0.174","-2.663","1.000","0.000","0.000"
42,1,"5.058","0.048","-5.010","1.000","0.000","0.000"
43,1,"1.340","0.069","-1.272","0.996","0.003","0.013"
44,1,"6.156","0.368","-5.788","1.000","0.000","0.000"
45,1,"1.626","0.053","-1.573","0.963","0.019","0.097"
46,1,"1.606","0.612","-0.993","0.854","0.100","0.546"
47,1,"2.111","0.072","-2.040","0.999","0.000","0.001"
48,1,"1.166","0.071","-1.094","0.980","0.012","0.058"
49,1,"0.783","0.608","-0.175","0.558","0.367","2.864"
50,1,"2.110","0.049","-2.061","0.999","0.001","0.003"
51,1,"2.041","0.174","-1.867","0.997","0.001","0.007"
52,1,"0.960","1.128","0.168","0.232","0.603","7.474"
53,1,"2.038","0.537","-1.501","0.931","0.045","0.234"
54,1,"1.711","0.062","-1.649","0.998","0.001","0.005"
55,1,"0.995","0.249","-0.747","0.922","0.055","0.286"
56,1,"1.170","0.078","-1.091","0.988","0.007","0.036"
57,1,"1.716","0.309","-1.406","0.964","0.024","0.121"
58,1,"0.641","0.669","0.027","0.409","0.511","5.152"
59,1,"1.472","0.064","-1.408","0.998","0.001","0.006"
60,1,"2.394","0.050","-2.344","0.999","0.000","0.002"
61,1,"2.659","0.042","-2.617","1.000","0.000","0.000"
62,1,"1.116","0.605","-0.511","0.729","0.205","1.275"
63,1,"2.080","0.355","-1.725","0.969","0.020","0.103"
64,1,"1.476","0.061","-1.415","0.998","0.001","0.005"
65,1,"2.837","0.038","-2.799","1.000","0.000","0.000"
66,1,"2.817","0.038","-2.779","1.000","0.000","0.000"
67,1,"1.774","1.467","-0.308","0.449","0.362","2.800"
68,1,"2.681","0.060","-2.621","1.000","0.000","0.000"
69,1,"2.824","0.042","-2.782","1.000","0.000","0.000"
70,1,"2.455","0.042","-2.412","1.000","0.000","0.001"
71,1,"1.023","0.962","-0.062","0.361","0.530","5.568"
72,1,"1.100","0.085","-1.015","0.984","0.010","0.049"
73,1,"2.844","2.663","-0.181","0.102","0.002","0.008"
74,1,"2.356","0.689","-1.667","0.959","0.020","0.102"
75,1,"2.247","0.053","-2.194","1.000","0.000","0.001"
76,1,"0.674","0.084","-0.590","0.844","0.089","0.480"
77,1,"0.862","0.094","-0.768","0.955","0.029","0.147"
78,1,"1.779","0.080","-1.699","0.999","0.001","0.003"
79,1,"2.570","0.045","-2.525","1.000","0.000","0.000"
80,1,"2.763","0.039","-2.724","1.000","0.000","0.000"
81,1,"2.593","0.286","-2.307","0.998","0.001","0.003"
82,1,"2.814","0.059","-2.755","1.000","0.000","0.000"
83,1,"2.804","0.176","-2.628","1.000","0.000","0.000"
84,1,"2.821","0.038","-2.782","1.000","0.000","0.000"
85,1,"1.633","0.060","-1.573","0.996","0.002","0.012"
86,1,"1.442","0.075","-1.367","0.983","0.011","0.052"
87,1,"1.843","0.062","-1.781","0.998","0.001","0.005"
88,1,"3.001","1.857","-1.144","0.623","0.001","0.005"
89,1,"2.597","0.041","-2.556","1.000","0.000","0.000"
90,1,"1.621","1.002","-0.618","0.601","0.290","2.011"
91,1,"1.748","0.657","-1.091","0.785","0.167","0.990"
92,1,"2.686","0.038","-2.648","1.000","0.000","0.000"
93,1,"2.812","0.041","-2.771","1.000","0.000","0.000"
94,1,"2.102","0.049","-2.053","0.999","0.001","0.003"
95,1,"2.072","2.724","0.652","0.038","0.395","3.222"
96,1,"1.308","0.487","-0.821","0.888","0.074","0.393"
97,1,"0.936","0.266","-0.671","0.868","0.098","0.538"
98,1,"0.912","0.547","-0.365","0.575","0.370","2.897"
99,1,"1.038","0.220","-0.818","0.959","0.027","0.138"
100,1,"1.284","0.227","-1.056","0.966","0.022","0.113"
101,1,"2.787","0.043","-2.743","1.000","0.000","0.000"
102,1,"2.253","2.807","0.554","0.004","0.312","2.238"
103,1,"2.874","1.102","-1.772","0.974","0.006","0.028"
104,1,"1.728","0.056","-1.672","0.999","0.001","0.003"
105,1,"1.344","0.844","-0.501","0.660","0.227","1.450"
106,1,"2.927","0.037","-2.891","1.000","0.000","0.000"
107,1,"2.136","0.053","-2.084","0.999","0.000","0.001"
108,1,"2.904","0.038","-2.865","1.000","0.000","0.000"
109,1,"2.686","0.044","-2.642","1.000","0.000","0.000"
110,1,"2.777","0.040","-2.737","1.000","0.000","0.000"
111,1,"2.831","0.036","-2.795","1.000","0.000","0.000"
112,1,"0.909","0.739","-0.170","0.437","0.498","4.884"
113,1,"2.546","0.145","-2.401","0.954","0.033","0.166"
114,1,"2.878","0.041","-2.837","1.000","0.000","0.000"
115,1,"2.842","0.041","-2.800","1.000","0.000","0.000"
116,1,"2.652","0.174","-2.478","0.999","0.000","0.002"
117,1,"2.106","0.049","-2.057","0.999","0.001","0.003"
118,1,"2.640","0.045","-2.595","1.000","0.000","0.000"
119,1,"1.525","0.191","-1.333","0.988","0.007","0.036"
120,1,"0.753","0.086","-0.667","0.860","0.081","0.437"
121,1,"1.074","0.142","-0.932","0.966","0.024","0.122"
122,1,"0.973","0.327","-0.646","0.920","0.054","0.282"
123,1,"3.578","0.040","-3.538","1.000","0.000","0.000"
124,1,"2.935","0.040","-2.895","1.000","0.000","0.000"
125,1,"2.203","0.646","-1.557","0.951","0.025","0.127"
126,1,"2.681","0.040","-2.642","1.000","0.000","0.000"
127,1,"4.455","0.087","-4.368","1.000","0.000","0.000"
128,1,"2.762","0.040","-2.722","1.000","0.000","0.000"
129,1,"2.942","0.050","-2.892","1.000","0.000","0.000"
130,1,"2.642","0.045","-2.597","1.000","0.000","0.000"
131,1,"1.173","0.881","-0.291","0.537","0.337","2.511"
132,1,"0.546","2.500","1.954","0.005","0.980","240.782"
133,1,"3.264","0.488","-2.775","1.000","0.000","0.000"
134,1,"2.672","0.060","-2.612","1.000","0.000","0.000"
135,1,"2.183","0.364","-1.819","0.978","0.014","0.068"
136,1,"2.475","1.330","-1.145","0.771","0.076","0.407"
137,1,"2.797","2.770","-0.027","0.032","0.021","0.104"
138,1,"3.022","0.187","-2.835","1.000","0.000","0.000"
139,1,"1.006","0.497","-0.509","0.811","0.136","0.778"
140,1,"0.735","0.623","-0.112","0.549","0.367","2.864"
141,1,"2.792","1.293","-1.499","0.903","0.005","0.023"
142,1,"0.848","1.030","0.183","0.226","0.663","9.700"
143,1,"2.343","2.811","0.468","0.010","0.267","1.796"
144,1,"0.873","2.788","1.915","0.002","0.931","66.165"
145,1,"2.105","0.049","-2.056","0.999","0.001","0.003"
146,1,"1.233","0.331","-0.902","0.910","0.064","0.340"
147,1,"2.098","0.053","-2.045","0.999","0.001","0.003"
148,1,"2.954","0.834","-2.120","0.995","0.002","0.008"
149,1,"2.369","0.169","-2.200","0.999","0.000","0.002"
150,1,"2.728","0.229","-2.499","0.999","0.000","0.001"
151,1,"3.094","0.992","-2.102","0.987","0.003","0.016"
152,1,"0.812","0.084","-0.728","0.958","0.026","0.129"
153,1,"2.097","0.053","-2.045","0.999","0.001","0.003"
154,1,"2.791","0.036","-2.755","1.000","0.000","0.000"
155,1,"1.615","0.071","-1.543","0.993","0.004","0.022"
156,1,"1.284","0.844","-0.441","0.658","0.218","1.375"
157,1,"0.428","0.104","-0.324","0.724","0.166","0.980"
158,1,"2.533","0.047","-2.486","1.000","0.000","0.000"
159,1,"1.689","0.744","-0.945","0.840","0.096","0.521"
160,1,"6.921","0.066","-6.855","1.000","0.000","0.000"
161,1,"2.526","2.011","-0.516","0.432","0.115","0.639"
162,1,"0.722","0.084","-0.637","0.947","0.031","0.159"
163,1,"0.863","0.544","-0.318","0.693","0.239","1.549"
164,1,"2.852","0.180","-2.672","1.000","0.000","0.000"
165,1,"2.845","0.185","-2.660","1.000","0.000","0.000"
166,1,"2.942","0.040","-2.902","1.000","0.000","0.000"
167,1,"2.266","0.048","-2.217","1.000","0.000","0.001"
168,1,"3.119","0.040","-3.079","1.000","0.000","0.000"
169,1,"0.812","3.050","2.238","0.000","0.929","64.594"
170,1,"0.967","0.223","-0.744","0.904","0.068","0.360"
171,1,"2.554","0.034","-2.519","0.987","0.006","0.027"
172,1,"2.140","0.048","-2.093","1.000","0.000","0.001"
173,1,"2.638","0.117","-2.522","0.952","0.036","0.184"
174,1,"6.314","0.357","-5.957","1.000","0.000","0.000"
175,1,"2.757","0.038","-2.718","1.000","0.000","0.000"
176,1,"1.640","0.059","-1.580","0.996","0.002","0.012"
177,1,"3.303","0.571","-2.732","0.989","0.005","0.025"
178,1,"4.257","1.475","-2.782","0.886","0.000","0.001"
179,1,"1.291","0.997","-0.294","0.498","0.379","3.003"
180,1,"1.748","1.242","-0.506","0.524","0.328","2.401"
181,1,"0.827","0.091","-0.736","0.954","0.029","0.147"
182,1,"0.585","0.426","-0.159","0.530","0.411","3.436"
183,1,"0.966","0.223","-0.743","0.904","0.068","0.361"
184,1,"1.131","0.720","-0.411","0.641","0.275","1.866"
185,1,"0.965","0.223","-0.743","0.904","0.068","0.361"
186,1,"1.259","1.068","-0.191","0.418","0.422","3.603"
187,1,"1.153","0.814","-0.338","0.565","0.334","2.472"
188,1,"2.723","0.517","-2.206","0.996","0.001","0.005"
189,1,"1.632","0.059","-1.573","0.996","0.002","0.012"
190,1,"1.752","0.536","-1.215","0.841","0.122","0.688"
191,1,"1.441","0.075","-1.365","0.983","0.011","0.054"
192,1,"2.951","0.815","-2.135","0.995","0.002","0.008"
193,1,"1.230","0.331","-0.899","0.910","0.065","0.341"
194,1,"1.506","0.898","-0.607","0.672","0.213","1.335"
195,1,"1.513","1.005","-0.508","0.577","0.276","1.877"
196,1,"2.716","0.043","-2.673","1.000","0.000","0.000"
197,1,"2.777","1.081","-1.696","0.972","0.009","0.042"
198,1,"1.792","1.488","-0.303","0.447","0.359","2.760"
199,1,"1.430","2.570","1.140","0.062","0.663","9.698"
200,1,"2.393","0.050","-2.342","0.999","0.000","0.002"
201,1,"2.608","0.185","-2.423","0.999","0.000","0.001"
202,1,"2.356","0.079","-2.277","0.997","0.002","0.010"
203,1,"1.792","0.056","-1.736","0.999","0.001","0.003"
204,1,"3.208","0.291","-2.917","1.000","0.000","0.000"
205,1,"1.765","0.766","-0.999","0.843","0.092","0.502"
206,1,"2.934","0.406","-2.527","0.809","0.159","0.935"
207,1,"2.796","0.038","-2.758","1.000","0.000","0.000"
208,1,"2.535","0.043","-2.492","1.000","0.000","0.000"
209,1,"3.521","0.045","-3.477","1.000","0.000","0.000"
210,1,"2.786","0.040","-2.746","1.000","0.000","0.000"
211,1,"2.763","0.041","-2.722","1.000","0.000","0.000"
212,1,"2.891","7.125","4.234","0.000","0.978","217.778"
213,1,"2.105","2.000","-0.105","0.343","0.284","1.951"
214,1,"2.383","7.125","4.742","0.000","1.000","53582.576"
215,1,"2.068","0.584","-1.483","0.915","0.054","0.283"
216,1,"2.554","0.034","-2.519","0.987","0.006","0.027"
217,1,"3.067","2.831","-0.235","0.063","0.015","0.077"
218,1,"1.496","0.535","-0.961","0.899","0.062","0.325"
219,1,"1.863","0.055","-1.808","0.999","0.000","0.002"
220,1,"0.476","0.133","-0.342","0.720","0.187","1.131"
221,1,"2.710","0.040","-2.671","1.000","0.000","0.000"
222,1,"1.877","0.059","-1.818","0.999","0.001","0.004"
223,1,"1.753","0.942","-0.810","0.707","0.196","1.199"
224,1,"2.431","1.089","-1.343","0.877","0.047","0.244"
225,1,"2.529","0.041","-2.489","1.000","0.000","0.000"
226,1,"2.617","0.074","-2.543","1.000","0.000","0.001"
227,1,"2.848","0.571","-2.277","1.000","0.000","0.000"
228,1,"1.852","0.057","-1.795","0.999","0.001","0.003"
229,1,"2.602","0.167","-2.435","1.000","0.000","0.001"
230,1,"2.447","0.050","-2.397","1.000","0.000","0.001"
231,1,"2.537","0.325","-2.212","0.996","0.002","0.009"
232,1,"2.719","0.454","-2.265","0.998","0.001","0.003"
233,1,"4.005","1.130","-2.875","0.982","0.000","0.000"
234,1,"2.759","0.040","-2.719","1.000","0.000","0.000"
235,1,"2.747","0.475","-2.271","0.999","0.000","0.002"
236,1,"1.459","0.725","-0.735","0.804","0.121","0.679"
237,1,"2.153","0.454","-1.699","0.967","0.020","0.100"
238,1,"2.750","0.189","-2.561","1.000","0.000","0.000"
239,1,"3.183","0.664","-2.519","0.999","0.000","0.000"
240,1,"2.676","0.661","-2.015","0.992","0.003","0.015"
241,1,"0.662","0.105","-0.556","0.821","0.112","0.625"
242,1,"2.068","0.091","-1.978","0.997","0.002","0.009"
243,1,"0.820","0.499","-0.321","0.717","0.220","1.388"
244,1,"1.150","0.215","-0.935","0.967","0.022","0.111"
245,1,"2.815","1.304","-1.511","0.912","0.001","0.004"
246,1,"2.538","0.043","-2.494","1.000","0.000","0.000"
247,1,"1.808","0.184","-1.624","0.990","0.007","0.032"
248,1,"2.924","0.882","-2.042","0.997","0.000","0.001"
249,1,"2.624","0.071","-2.553","0.999","0.001","0.002"
250,1,"1.231","0.329","-0.903","0.911","0.064","0.335"
251,1,"2.911","0.043","-2.868","1.000","0.000","0.000"
252,1,"3.525","0.045","-3.480","1.000","0.000","0.000"
253,1,"2.450","0.045","-2.404","1.000","0.000","0.001"
254,1,"2.554","0.180","-2.373","0.999","0.001","0.003"
255,1,"2.679","0.060","-2.619","1.000","0.000","0.000"
256,1,"1.633","0.467","-1.166","0.914","0.058","0.304"
257,1,"1.372","0.123","-1.248","0.958","0.031","0.156"
258,1,"0.872","0.080","-0.792","0.965","0.021","0.105"
259,1,"3.136","0.040","-3.096","1.000","0.000","0.000"
260,1,"1.806","0.058","-1.749","0.997","0.002","0.010"
261,1,"0.947","0.226","-0.720","0.931","0.047","0.244"
262,1,"1.462","0.197","-1.265","0.986","0.009","0.043"
263,1,"1.005","0.497","-0.508","0.811","0.136","0.779"
264,1,"1.529","0.070","-1.459","0.996","0.003","0.012"
265,1,"2.234","0.062","-2.173","0.999","0.001","0.003"
266,1,"2.732","0.221","-2.511","0.915","0.066","0.351"
267,1,"2.824","1.286","-1.537","0.924","0.000","0.001"
268,1,"2.229","0.084","-2.145","0.996","0.003","0.014"
269,1,"1.967","0.060","-1.907","0.997","0.002","0.010"
270,1,"2.362","1.037","-1.324","0.876","0.057","0.297"
271,1,"5.526","2.136","-3.390","0.857","0.000","0.000"
272,1,"1.456","0.538","-0.917","0.835","0.120","0.674"
273,1,"1.744","0.934","-0.810","0.709","0.196","1.205"
274,1,"2.096","0.053","-2.043","0.999","0.001","0.003"
275,1,"0.807","0.490","-0.317","0.673","0.265","1.774"
276,1,"0.947","0.226","-0.721","0.932","0.047","0.244"
277,1,"1.527","0.305","-1.221","0.973","0.016","0.083"
278,1,"2.847","0.049","-2.797","1.000","0.000","0.000"
279,1,"2.789","0.068","-2.721","1.000","0.000","0.001"
280,1,"2.811","0.038","-2.773","1.000","0.000","0.000"
281,1,"2.456","0.044","-2.412","1.000","0.000","0.000"
282,1,"2.031","1.045","-0.986","0.757","0.134","0.760"
283,1,"2.789","0.057","-2.732","1.000","0.000","0.000"
284,1,"1.900","0.079","-1.821","0.999","0.001","0.003"
285,1,"1.724","0.056","-1.668","0.999","0.001","0.003"
286,1,"1.915","0.096","-1.819","0.988","0.008","0.041"
287,1,"2.870","0.199","-2.671","1.000","0.000","0.000"
288,1,"1.387","0.196","-1.192","0.989","0.007","0.034"
289,1,"2.638","0.117","-2.522","0.952","0.036","0.184"
290,1,"3.501","0.047","-3.455","1.000","0.000","0.000"
291,1,"1.939","1.185","-0.754","0.622","0.238","1.536"
292,1,"1.769","1.083","-0.686","0.620","0.236","1.527"
293,1,"1.470","0.065","-1.405","0.998","0.001","0.006"
294,1,"2.815","1.576","-1.239","0.759","0.001","0.005"
295,1,"2.540","0.039","-2.500","1.000","0.000","0.000"
296,1,"4.105","0.739","-3.366","0.999","0.000","0.000"
297,1,"2.250","0.180","-2.070","0.996","0.002","0.010"
298,1,"1.626","0.053","-1.573","0.963","0.019","0.097"
299,1,"1.150","0.244","-0.906","0.909","0.067","0.352"
300,1,"0.854","0.381","-0.472","0.772","0.179","1.075"
301,1,"2.022","0.923","-1.099","0.834","0.086","0.464"
302,1,"2.754","0.060","-2.694","1.000","0.000","0.000"
303,1,"2.613","0.039","-2.574","1.000","0.000","0.000"
304,1,"2.513","0.064","-2.450","1.000","0.000","0.001"
305,1,"0.660","0.380","-0.280","0.691","0.247","1.613"
306,1,"2.656","0.042","-2.615","1.000","0.000","0.000"
307,1,"1.441","0.075","-1.366","0.983","0.011","0.053"
308,1,"1.636","0.059","-1.576","0.996","0.002","0.012"
309,1,"2.343","0.050","-2.293","1.000","0.000","0.001"
310,1,"2.249","0.053","-2.196","1.000","0.000","0.001"
311,1,"1.267","0.204","-1.064","0.981","0.012","0.059"
312,1,"1.142","0.081","-1.060","0.987","0.008","0.042"
313,1,"0.845","0.095","-0.750","0.869","0.081","0.435"
314,1,"3.196","0.542","-2.654","0.998","0.001","0.005"
315,1,"2.940","0.050","-2.890","1.000","0.000","0.000"
316,1,"2.458","0.044","-2.414","1.000","0.000","0.000"
317,1,"2.802","0.039","-2.762","1.000","0.000","0.000"
318,1,"2.228","0.071","-2.157","0.999","0.001","0.003"
319,1,"1.847","0.059","-1.788","0.999","0.001","0.004"
320,1,"1.442","0.075","-1.367","0.983","0.011","0.053"
321,1,"1.449","0.061","-1.388","0.997","0.002","0.008"
322,1,"2.274","0.877","-1.397","0.913","0.039","0.201"
323,1,"1.051","0.074","-0.977","0.988","0.007","0.036"
324,1,"0.649","0.488","-0.161","0.583","0.348","2.635"
325,1,"0.449","0.135","-0.314","0.704","0.197","1.213"
326,1,"2.458","0.042","-2.416","1.000","0.000","0.001"
327,1,"3.439","0.042","-3.397","1.000","0.000","0.000"
328,1,"0.944","0.677","-0.267","0.565","0.357","2.739"
329,1,"1.678","0.210","-1.468","0.986","0.009","0.043"
330,1,"0.674","0.085","-0.589","0.843","0.090","0.485"
331,1,"2.843","0.043","-2.800","1.000","0.000","0.000"
332,1,"1.962","0.295","-1.668","0.988","0.007","0.033"
333,1,"1.767","0.765","-1.002","0.738","0.205","1.268"
334,1,"2.658","0.042","-2.616","1.000","0.000","0.000"
335,1,"0.997","0.247","-0.750","0.924","0.054","0.279"
336,1,"1.100","0.085","-1.015","0.984","0.010","0.049"
337,1,"1.635","0.060","-1.575","0.996","0.002","0.012"
338,1,"1.262","0.190","-1.072","0.880","0.092","0.499"
339,1,"2.638","0.117","-2.522","0.952","0.036","0.184"
340,1,"1.599","0.060","-1.539","0.999","0.001","0.003"
341,1,"2.036","0.204","-1.833","0.989","0.007","0.034"
342,1,"2.198","0.292","-1.906","0.988","0.007","0.037"
343,1,"2.879","0.286","-2.593","1.000","0.000","0.000"
344,1,"2.754","0.060","-2.695","1.000","0.000","0.000"
345,1,"4.073","0.740","-3.332","0.999","0.000","0.000"
346,1,"0.856","0.136","-0.720","0.961","0.027","0.136"
347,1,"1.603","0.183","-1.420","0.993","0.004","0.020"
348,1,"1.530","0.069","-1.460","0.996","0.002","0.012"
349,1,"2.656","0.042","-2.614","1.000","0.000","0.000"
350,1,"2.535","0.041","-2.495","1.000","0.000","0.000"
351,1,"2.398","0.050","-2.348","0.999","0.000","0.002"
352,1,"1.269","0.272","-0.997","0.946","0.037","0.189"
353,1,"2.562","0.042","-2.520","1.000","0.000","0.000"
354,1,"2.742","0.038","-2.705","1.000","0.000","0.000"
355,1,"1.404","0.319","-1.085","0.957","0.027","0.139"
356,1,"2.759","0.294","-2.465","0.999","0.001","0.003"
357,1,"2.186","0.204","-1.982","0.991","0.006","0.027"
358,1,"2.784","0.059","-2.725","1.000","0.000","0.000"
359,1,"2.054","0.283","-1.770","0.985","0.008","0.040"
360,1,"2.799","2.048","-0.751","0.469","0.007","0.035"
361,1,"2.550","0.740","-1.809","0.959","0.023","0.115"
362,1,"2.779","0.311","-2.468","1.000","0.000","0.001"
363,1,"1.087","0.080","-1.007","0.986","0.009","0.042"
364,1,"2.774","0.041","-2.733","1.000","0.000","0.000"
365,1,"2.711","0.042","-2.669","1.000","0.000","0.000"
366,1,"2.490","0.046","-2.444","1.000","0.000","0.001"
367,1,"2.460","0.044","-2.417","1.000","0.000","0.000"
368,1,"0.468","0.099","-0.369","0.753","0.146","0.842"
369,1,"2.522","0.043","-2.479","1.000","0.000","0.000"
370,1,"2.681","0.042","-2.640","1.000","0.000","0.000"
371,1,"1.520","0.068","-1.452","0.996","0.002","0.011"
372,1,"2.851","0.286","-2.565","1.000","0.000","0.000"
373,1,"4.853","0.060","-4.792","1.000","0.000","0.000"
374,1,"2.873","0.041","-2.831","1.000","0.000","0.000"
375,1,"2.156","0.054","-2.102","0.999","0.001","0.004"
376,1,"2.644","0.121","-2.523","0.949","0.038","0.195"
377,1,"1.173","0.255","-0.919","0.904","0.071","0.376"
378,1,"2.141","0.054","-2.087","0.999","0.001","0.004"
379,1,"2.554","0.036","-2.518","0.987","0.006","0.030"
380,1,"0.629","0.821","0.192","0.259","0.658","9.478"
381,1,"1.700","0.061","-1.639","0.996","0.003","0.013"
382,1,"1.093","0.080","-1.012","0.986","0.009","0.043"
383,1,"2.644","0.121","-2.523","0.949","0.038","0.195"
384,1,"2.901","0.042","-2.859","1.000","0.000","0.000"
385,1,"1.674","0.066","-1.608","0.995","0.003","0.016"
386,1,"1.493","0.088","-1.405","0.992","0.005","0.027"
387,1,"1.340","0.209","-1.131","0.964","0.024","0.122"
388,1,"2.710","0.043","-2.667","1.000","0.000","0.000"
389,1,"2.412","0.051","-2.361","1.000","0.000","0.001"
390,1,"2.444","0.046","-2.398","1.000","0.000","0.000"
391,1,"1.884","0.190","-1.694","0.989","0.007","0.033"
392,1,"2.056","0.059","-1.997","0.999","0.001","0.004"
393,1,"2.495","0.046","-2.449","1.000","0.000","0.001"
394,1,"3.105","2.274","-0.830","0.395","0.007","0.036"
395,1,"7.031","0.062","-6.968","1.000","0.000","0.000"
396,1,"2.818","0.181","-2.637","1.000","0.000","0.000"
397,1,"2.492","0.044","-2.449","1.000","0.000","0.001"
398,1,"2.636","0.175","-2.461","1.000","0.000","0.001"
399,1,"1.949","0.060","-1.890","0.999","0.001","0.004"
400,1,"1.865","0.504","-1.361","0.944","0.033","0.168"
401,1,"2.357","0.209","-2.147","0.997","0.001","0.006"
402,1,"1.531","0.062","-1.469","0.997","0.002","0.008"
403,1,"2.235","0.048","-2.187","1.000","0.000","0.001"
404,1,"1.966","0.098","-1.868","0.988","0.008","0.041"
405,1,"2.676","0.047","-2.628","1.000","0.000","0.000"
406,1,"2.350","0.046","-2.304","1.000","0.000","0.000"
407,1,"1.643","0.055","-1.588","0.963","0.020","0.102"
408,1,"1.572","0.363","-1.209","0.950","0.032","0.164"
409,1,"1.577","0.227","-1.351","0.984","0.010","0.048"
410,1,"1.104","0.317","-0.788","0.776","0.185","1.121"
411,1,"2.169","0.050","-2.119","0.999","0.001","0.003"
412,1,"1.707","0.225","-1.482","0.970","0.021","0.104"
413,1,"1.615","0.070","-1.545","0.996","0.002","0.012"
414,1,"1.563","0.065","-1.498","0.998","0.001","0.006"
415,1,"2.712","0.043","-2.669","1.000","0.000","0.000"
416,1,"2.520","0.047","-2.473","1.000","0.000","0.000"
417,1,"2.798","0.062","-2.736","1.000","0.000","0.000"
418,1,"1.233","0.072","-1.161","0.991","0.006","0.028"
419,1,"1.161","0.088","-1.073","0.990","0.006","0.032"
420,1,"1.099","0.315","-0.784","0.946","0.033","0.168"
421,1,"2.668","0.047","-2.621","1.000","0.000","0.000"
422,1,"2.611","0.840","-1.771","0.966","0.017","0.083"
423,1,"1.924","0.384","-1.539","0.972","0.015","0.077"
424,1,"2.414","0.051","-2.363","1.000","0.000","0.001"
425,1,"2.681","0.041","-2.640","1.000","0.000","0.000"
426,1,"2.399","0.081","-2.318","0.997","0.002","0.010"
427,1,"2.053","0.192","-1.862","0.991","0.006","0.027"
428,1,"2.669","0.286","-2.383","0.998","0.000","0.002"
429,1,"2.904","0.037","-2.867","1.000","0.000","0.000"
430,1,"2.861","0.518","-2.344","1.000","0.000","0.000"
431,1,"1.244","0.071","-1.173","0.995","0.003","0.015"
432,1,"3.046","0.342","-2.704","0.844","0.128","0.724"
433,1,"1.251","0.395","-0.856","0.899","0.070","0.373"
434,1,"1.709","0.228","-1.482","0.969","0.021","0.107"
435,1,"2.126","0.188","-1.938","0.997","0.002","0.009"
436,1,"1.528","0.071","-1.457","0.996","0.003","0.013"
437,1,"6.101","0.554","-5.547","1.000","0.000","0.000"
438,1,"1.186","0.255","-0.930","0.904","0.070","0.374"
439,1,"1.104","0.319","-0.785","0.775","0.187","1.131"
440,1,"2.213","0.288","-1.925","0.990","0.004","0.021"
441,1,"2.435","0.052","-2.383","0.999","0.000","0.002"
442,1,"2.676","0.287","-2.388","0.998","0.000","0.002"
443,1,"2.061","0.059","-2.002","0.999","0.001","0.004"
444,1,"2.810","0.387","-2.423","1.000","0.000","0.000"
445,1,"2.829","0.045","-2.783","1.000","0.000","0.000"
446,1,"1.392","0.069","-1.323","0.997","0.002","0.008"
447,1,"0.773","0.283","-0.490","0.817","0.138","0.791"
448,1,"2.791","0.044","-2.747","1.000","0.000","0.000"
449,1,"0.990","0.084","-0.906","0.983","0.011","0.054"
450,1,"1.872","0.059","-1.813","0.996","0.002","0.011"
451,1,"2.609","0.176","-2.433","1.000","0.000","0.001"
452,1,"2.065","0.059","-2.006","0.999","0.001","0.004"
453,1,"0.998","0.232","-0.766","0.901","0.071","0.376"
454,1,"2.766","0.038","-2.728","1.000","0.000","0.001"
455,1,"1.542","0.062","-1.481","0.997","0.002","0.008"
456,1,"2.155","0.060","-2.095","0.998","0.001","0.005"
457,1,"2.474","0.079","-2.395","0.998","0.001","0.006"
458,1,"2.323","0.043","-2.279","0.998","0.001","0.006"
459,1,"3.098","0.208","-2.890","1.000","0.000","0.000"
460,1,"6.545","0.259","-6.285","1.000","0.000","0.000"
461,1,"0.997","0.233","-0.764","0.900","0.072","0.381"
462,1,"2.595","0.043","-2.552","1.000","0.000","0.000"
463,1,"2.764","0.061","-2.703","1.000","0.000","0.000"
464,1,"1.838","0.059","-1.779","0.999","0.001","0.004"
465,1,"2.800","0.042","-2.758","1.000","0.000","0.000"
466,1,"1.230","0.083","-1.146","0.987","0.008","0.041"
467,1,"2.672","0.047","-2.624","1.000","0.000","0.000"
468,1,"2.788","0.042","-2.746","1.000","0.000","0.000"
469,1,"1.646","0.056","-1.590","0.963","0.020","0.102"
470,1,"1.646","0.056","-1.590","0.963","0.020","0.102"
471,1,"2.716","0.043","-2.672","1.000","0.000","0.000"
472,1,"1.051","0.225","-0.827","0.942","0.040","0.204"
473,1,"2.825","0.045","-2.779","1.000","0.000","0.000"
474,1,"2.067","0.059","-2.008","0.999","0.001","0.004"
475,1,"2.434","0.052","-2.382","0.999","0.000","0.002"
476,1,"2.738","0.045","-2.693","1.000","0.000","0.000"
477,1,"2.659","0.182","-2.476","1.000","0.000","0.001"
478,1,"2.115","0.077","-2.038","0.999","0.001","0.003"
479,1,"4.859","0.050","-4.809","1.000","0.000","0.000"
480,1,"0.824","0.091","-0.733","0.954","0.029","0.146"
481,1,"2.035","0.062","-1.974","0.996","0.002","0.011"
482,1,"0.970","0.379","-0.591","0.801","0.155","0.902"
483,1,"2.371","0.210","-2.160","0.997","0.001","0.006"
484,1,"0.993","0.126","-0.867","0.979","0.014","0.070"
485,1,"0.711","0.111","-0.600","0.922","0.051","0.267"
486,1,"1.498","0.077","-1.421","0.983","0.011","0.054"
487,1,"2.567","0.152","-2.415","0.951","0.036","0.182"
488,1,"1.637","0.088","-1.549","0.998","0.001","0.006"
489,1,"2.002","0.055","-1.947","0.999","0.000","0.002"
490,1,"2.361","0.046","-2.315","1.000","0.000","0.000"
491,1,"0.453","0.110","-0.343","0.732","0.165","0.978"
492,1,"2.253","0.048","-2.205","1.000","0.000","0.001"
493,1,"1.815","0.904","-0.911","0.751","0.166","0.979"
494,1,"2.000","0.218","-1.782","0.993","0.004","0.019"
495,1,"2.037","0.173","-1.864","0.982","0.012","0.061"
496,1,"3.537","0.045","-3.493","1.000","0.000","0.000"
497,1,"2.421","0.051","-2.370","1.000","0.000","0.001"
498,1,"3.940","0.048","-3.892","1.000","0.000","0.000"
499,1,"1.158","0.088","-1.070","0.984","0.010","0.050"
500,1,"1.231","0.080","-1.151","0.988","0.008","0.037"
501,1,"2.667","0.047","-2.620","1.000","0.000","0.000"
502,1,"1.730","0.188","-1.542","0.993","0.004","0.020"
503,1,"0.882","0.099","-0.783","0.872","0.081","0.435"
504,1,"0.862","0.096","-0.766","0.953","0.030","0.152"
505,1,"2.604","0.382","-2.223","0.996","0.002","0.008"
506,1,"2.714","0.046","-2.668","1.000","0.000","0.000"
507,1,"2.811","0.042","-2.769","1.000","0.000","0.000"
508,1,"2.751","0.075","-2.676","1.000","0.000","0.000"
509,1,"2.140","0.180","-1.960","0.997","0.001","0.007"
510,1,"2.632","0.047","-2.585","1.000","0.000","0.000"
511,1,"6.025","0.248","-5.777","1.000","0.000","0.000"
512,1,"1.534","0.543","-0.991","0.887","0.073","0.390"
513,1,"2.830","1.940","-0.890","0.537","0.030","0.154"
514,1,"1.646","0.056","-1.590","0.963","0.020","0.102"
515,1,"1.103","0.076","-1.027","0.988","0.007","0.037"
516,1,"1.843","0.057","-1.786","0.999","0.001","0.003"
517,1,"2.797","0.040","-2.757","1.000","0.000","0.000"
518,1,"2.837","0.038","-2.799","1.000","0.000","0.000"
519,1,"0.904","0.093","-0.811","0.958","0.027","0.135"
520,1,"0.898","0.798","-0.100","0.469","0.425","3.640"
521,1,"1.718","0.490","-1.228","0.914","0.058","0.304"
522,1,"1.780","0.352","-1.427","0.954","0.030","0.155"
523,1,"1.711","0.228","-1.483","0.969","0.021","0.107"
524,1,"0.512","0.107","-0.405","0.765","0.145","0.836"
525,1,"2.361","0.196","-2.165","0.998","0.001","0.006"
526,1,"2.799","0.040","-2.759","1.000","0.000","0.000"
527,1,"2.593","0.042","-2.551","1.000","0.000","0.000"
528,1,"7.144","0.063","-7.081","1.000","0.000","0.000"
529,1,"1.233","0.080","-1.153","0.988","0.008","0.037"
530,1,"2.219","0.207","-2.013","0.995","0.003","0.014"
531,1,"2.162","0.060","-2.103","0.998","0.001","0.005"
532,1,"2.701","0.062","-2.639","1.000","0.000","0.000"
533,1,"2.883","0.044","-2.839","1.000","0.000","0.000"
534,1,"0.981","0.235","-0.747","0.930","0.049","0.253"
535,1,"2.610","0.176","-2.434","1.000","0.000","0.001"
536,1,"1.435","0.067","-1.368","0.996","0.002","0.011"
537,1,"1.702","0.061","-1.641","0.996","0.003","0.013"
538,1,"1.559","0.216","-1.343","0.983","0.011","0.054"
539,1,"3.254","0.551","-2.704","0.999","0.000","0.000"
540,1,"0.376","0.968","0.592","0.072","0.890","39.779"
541,1,"7.001","2.900","-4.101","0.952","0.001","0.003"
542,1,"1.271","0.915","-0.356","0.549","0.324","2.364"
543,1,"4.027","0.845","-3.182","0.999","0.000","0.000"
544,1,"2.442","0.070","-2.372","1.000","0.000","0.001"
545,1,"1.229","0.393","-0.836","0.898","0.071","0.377"
546,1,"2.501","0.568","-1.933","0.982","0.009","0.043"
547,1,"2.528","0.202","-2.326","0.998","0.001","0.004"
548,1,"1.069","0.831","-0.239","0.543","0.339","2.527"
549,1,"1.105","0.320","-0.786","0.774","0.187","1.134"
550,1,"2.568","0.065","-2.503","1.000","0.000","0.000"
551,1,"2.530","0.045","-2.485","1.000","0.000","0.000"
552,1,"2.331","0.062","-2.269","0.999","0.001","0.002"
553,1,"2.583","0.056","-2.526","1.000","0.000","0.001"
554,1,"1.691","0.073","-1.618","0.993","0.004","0.022"
555,1,"1.106","0.076","-1.030","0.988","0.007","0.036"
556,1,"1.222","0.212","-1.010","0.970","0.019","0.098"
557,1,"2.718","0.040","-2.678","1.000","0.000","0.000"
558,1,"2.593","0.046","-2.547","1.000","0.000","0.000"
559,1,"0.913","0.083","-0.829","0.965","0.021","0.108"
560,1,"2.296","0.552","-1.744","0.972","0.009","0.047"
561,1,"0.733","0.254","-0.478","0.828","0.126","0.711"
562,1,"2.246","0.685","-1.562","0.936","0.038","0.196"
563,1,"1.182","0.634","-0.549","0.724","0.208","1.297"
564,1,"2.793","0.061","-2.732","1.000","0.000","0.000"
565,1,"2.554","0.037","-2.517","0.987","0.006","0.030"
566,1,"1.813","0.692","-1.121","0.779","0.172","1.024"
567,1,"2.535","0.043","-2.492","1.000","0.000","0.000"
568,1,"2.463","0.320","-2.143","0.995","0.002","0.011"
569,1,"1.043","0.248","-0.795","0.928","0.051","0.265"
570,1,"0.343","0.658","0.315","0.179","0.774","16.909"
571,1,"0.665","0.406","-0.259","0.670","0.267","1.794"
572,1,"2.057","0.070","-1.987","0.998","0.001","0.007"
573,1,"2.923","0.345","-2.578","0.842","0.131","0.740"
574,1,"1.037","1.332","0.295","0.214","0.618","7.975"
575,1,"1.078","0.242","-0.836","0.950","0.034","0.172"
576,1,"0.639","0.269","-0.370","0.679","0.264","1.767"
577,1,"1.194","0.388","-0.806","0.897","0.072","0.380"
578,1,"2.531","0.202","-2.329","0.998","0.001","0.004"
579,1,"0.834","0.532","-0.301","0.692","0.241","1.562"
580,1,"2.545","0.047","-2.498","1.000","0.000","0.000"
581,1,"2.357","0.054","-2.303","1.000","0.000","0.001"
582,1,"2.373","0.051","-2.322","1.000","0.000","0.001"
583,1,"7.114","0.067","-7.047","1.000","0.000","0.000"
584,1,"1.243","0.085","-1.158","0.987","0.009","0.043"
585,1,"1.849","0.297","-1.552","0.980","0.010","0.052"
