"Partition","Site","ES","EN","S","N","P[S]","dS","dN","dN-dS","P [dN/dS > 1]","P [dN/dS < 1]","Total branch length"
1,1,0,2.961337398749112,0,0,0,null,0,null,1,1,2.350002843503649
1,2,0.9319980904749714,1.970869045823431,10,7,0.3210612290245605,10.72963571728321,3.551732680988651,-3.05215291530102,0.9941760491985877,0.02087503736231855,2.351750792140974
1,3,0.987131550542466,1.974263101084932,0,7,0.3333333333333333,0,3.545626718218679,1.506541255851477,0.05852766346593511,1,2.353487967519839
1,4,0.1885830138224532,2.772943888690471,0,3,0.06367762982751772,0,1.081882692338487,0.4581185399904103,0.8208734295038537,1,2.361578058729371
1,5,0.9416219655248323,2.020017295579354,1,3,0.3179394526171185,1.061997315921395,1.485135798869277,0.1786528835812941,0.6199447315291484,0.7835828283449502,2.368495120065261
1,6,0.9899083312432753,1.980114075927037,0,3,0.3332999538499813,0,1.515064226082772,0.6404250325748885,0.2963408045025162,1,2.365716749064782
1,7,1.823547230360303,1.146504922902983,0,0,0.6139781849812693,0,0,0,1,1,2.368066528365407
1,8,0.990039584590143,1.980079169180286,2,0,0.3333333333333333,2.02012124679637,0,-0.8511706530878635,1,0.1111111111111109,2.373344568997775
1,9,0.0009738816722042601,2.978752488944989,0,2,0.0003268359409802248,0,0.6714220155661063,0.2825541648223047,0.9993464349397718,1,2.376259489887033
1,10,0.992256477309457,1.987469893307738,0,2,0.3330025491917667,0,1.006304551698848,0.4234826019555159,0.4448855993846815,1,2.376259489887033
1,11,0.9956296600961939,1.983696067557555,2,9,0.3341795262112086,2.00877904722803,4.536985351330226,1.063681325988655,0.2322993217137628,0.9256568780255009,2.376845623149693
1,12,0.993248339638457,1.986496679276914,1,2,0.3333333333333334,1.006797555145172,1.006797555145172,0,0.7407407407407406,0.7037037037037037,2.37844725769216
1,13,0.9931938431273982,1.986464881353795,3,2,0.3333246975458001,3.020558394274285,1.006813671247478,-0.846246256580627,0.954736774736398,0.2098637496162967,2.379620243359913
1,14,0.8785835711715793,2.109342991011625,2,6,0.2940445666541482,2.276391302574697,2.844487608495784,0.2382741336863397,0.5669264239075447,0.7327468826325663,2.384213078994633
1,15,0.9960020903499093,1.992004180699819,2,0,0.3333333333333333,2.008027914175735,0,-0.8391498846279395,1,0.1111111111111109,2.392931168745915
1,16,0.8818511128892317,2.118148887110771,5,1,0.293950370963077,5.669891353448963,0.4721103441241258,-2.107899753496932,0.999354874697662,0.009942418833332578,2.465857781282957
1,17,1.145011687634952,1.028711396704687,13,0,0.5267514044838871,11.35359589809236,0,-4.600589953144606,1.000000000000001,0.0002403666048789166,2.467856517039064
1,18,0.9893012494420094,2.010698750557986,0,2,0.3297670831473369,0,0.9946790882746522,0.4024210993190612,0.4492121628328288,1,2.471736919256355
1,19,0.8419392201005422,2.010479019165951,1,0,0.2951668196866701,1.187734192832331,0,-0.480144781509306,1,0.2951668196866701,2.473700097497177
1,20,0.9999999999999981,1.999999999999996,6,0,0.3333333333333334,6.000000000000012,0,-2.410624873054699,0.9999999999999999,0.001371742112482921,2.48898120444469
1,21,0.9999999999999981,1.999779525182763,14,0,0.3333578323357191,14.00000000000003,0,-5.624791370460964,0.9999999999999999,2.092903905737131e-7,2.48898120444469
1,22,0.1882349179615379,2.811765082038456,1,2,0.06274497265384608,5.31251061614578,0.7112969759728478,-1.84563963663731,0.9886832505503318,0.1766711458467062,2.49301843590452
1,23,0.9999999999999981,1.999999999999996,6,1,0.3333333333333334,6.000000000000012,0.500000000000001,-2.198129678123908,0.9995427526291726,0.00685871056241405,2.502127174177563
1,24,0.9999999999999981,1.852413594836454,15,0,0.3505802951613456,15.00000000000003,0,-5.994899122156112,0.9999999999999998,1.485294373049229e-7,2.502127174177563
1,25,1.000640073176738,1.841443348068251,1,2,0.3520797685587999,0.9993603362548672,1.086104550595097,0.03466818762669115,0.7154072410155224,0.7280026810415339,2.502127174177563
1,26,0.842353737599001,2.157611464502653,8,6,0.2807878361418599,9.497197724560186,2.780852854516626,-2.684253997701452,0.9948764640762809,0.02118273182066854,2.502127174177563
1,27,0.9999999999999981,1.841996553053302,3,0,0.3518653106477725,3.000000000000006,0,-1.198979824431223,1,0.04356416150619136,2.502127174177563
1,28,0.9999999999999981,1.999999999999996,3,0,0.3333333333333334,3.000000000000006,0,-1.198979824431223,0.9999999999999999,0.0370370370370372,2.502127174177563
1,29,0.8818766043152697,2.11812339568473,3,0,0.29395886810509,3.401836476123936,0,-1.359577766962266,1,0.02540151966272164,2.502127174177563
1,30,0.9999417437615963,2.000058256238397,10,6,0.3333139145871994,10.00058259632391,2.999912618187672,-2.797887353762233,0.995962539202422,0.01593855387879417,2.502127174177563
1,31,0.999998791475438,2.000001208524556,5,1,0.3333329304918133,5.000006042630113,0.4999996978690435,-1.798472272393668,0.9986282678341908,0.01783254799544598,2.502127174177563
1,32,0.8126208316518149,2.127894285262524,1,1,0.2763532236163259,1.230586223057191,0.4699481581043992,-0.303996564524267,0.9236288957968649,0.4763353430295167,2.502127174177563
1,33,0.9999945717082397,2.000005428291754,3,1,0.3333315239027472,3.000016284963681,0.4999986429307447,-0.9991569045065342,0.9876545890492623,0.1111095027349158,2.502127174177563
1,34,0.9999999999999981,1.999999999999996,11,0,0.3333333333333334,11.00000000000002,0,-4.396259356247816,0.9999999999999998,0.000005645029269696344,2.502127174177563
1,35,0.9999999999999981,1.999999999999996,6,0,0.3333333333333334,6.000000000000012,0,-2.397959648862445,0.9999999999999999,0.001371742112482921,2.502127174177563
1,36,0.8136849726800356,1.344380472376157,4,0,0.3770436964940369,4.915907426464069,0,-1.96469127436734,0.9999999999999997,0.02021001976221226,2.502127174177563
1,37,0.9999999999999981,1.999767685602386,11,0,0.3333591480432219,11.00000000000002,0,-4.396259356247816,1.000000000000001,0.000005649840049359867,2.502127174177563
1,38,0.9436145612444454,2.011594683414773,9,0,0.3193054985699528,9.537792621736081,0,-3.811873641023505,0.9999999999999999,0.00003450305702712431,2.502127174177563
1,39,0.9999999999999981,1.999999999999996,9,0,0.3333333333333334,9.000000000000018,0,-3.596939473293668,0.9999999999999998,0.00005080526342549074,2.502127174177563
1,40,0.8776395818802447,2.122346764385182,6,2,0.2925478587503527,6.836519368401401,0.9423530751721318,-2.355662155808148,0.9989084253860477,0.009876411548719877,2.502127174177563
1,41,1.000389791131975,1.99961020886802,14,1,0.3334632637106588,13.99454505044332,0.5000974667788379,-5.391862274998237,0.9999999298996886,0.000002171880527646053,2.502743374258181
1,42,0.9999999999999983,1.999999999999997,18,0,0.3333333333333333,18.00000000000003,0,-7.192107742702655,1.000000000000001,2.581173830229488e-9,2.502743374258181
1,43,0.9999999999999983,1.999999999999997,3,0,0.3333333333333333,3.000000000000005,0,-1.198684623783776,1,0.03703703703703698,2.502743374258181
1,44,0.9999063425365866,2.000093657463409,12,2,0.3333021141788627,12.00112399483146,0.9999531734611231,-4.395644769065113,0.9999939439442245,0.00008208104541784778,2.502743374258181
1,45,0.1873943829450829,2.812605617054912,0,0,0.06246479431502772,0,0,0,1,1,2.502743374258181
1,46,1.000151215773647,1.99925437378578,3,4,0.333449807273499,2.999546421267319,2.000745904297118,-0.3990822739731548,0.8265242546925846,0.4296236985014183,2.502743374258181
1,47,1.841902716498928,1.15794906347944,11,0,0.6139979077606994,5.972085225493721,0,-2.386215577241859,0.9999999999999993,0.004675583354274093,2.502743374258181
1,48,0.9999999999999983,1.999999999999997,1,0,0.3333333333333333,1.000000000000002,0,-0.3995615412612586,1,0.3333333333333333,2.502743374258181
1,49,0.9979334829605185,2.002066517039476,1,4,0.3326444943201735,1.002070796375477,1.997935616002877,0.3979092822181886,0.4622667209570611,0.8676310149968864,2.502743374258181
1,50,0.9999999999999983,1.999999999999997,3,0,0.3333333333333333,3.000000000000005,0,-1.198684623783776,1,0.03703703703703698,2.502743374258181
1,51,0.9999999999999983,1.999999999999997,6,1,0.3333333333333333,6.00000000000001,0.5000000000000009,-2.197588476936922,0.9995427526291726,0.00685871056241405,2.502743374258181
1,52,0.9999540448423342,2.00004595515766,3,10,0.3333180149474454,3.000137871808918,4.999885114745634,0.7990220905207456,0.3224662100313089,0.8612424341760341,2.502743374258181
1,53,0.8128297420564676,2.127775821602565,3,3,0.2764157669092666,3.690809827418432,1.409922967232754,-0.9113546692983409,0.9467001788194833,0.2133240401141558,2.502743374258181
1,54,0.9999999999999983,1.999999999999997,4,0,0.3333333333333333,4.000000000000007,0,-1.598246165045035,1,0.01234567901234551,2.502743374258181
1,55,0.8815504414361942,2.118147130896227,2,1,0.293879772936824,2.268730076002983,0.4721107355639084,-0.7178599927256212,0.9746189790921256,0.2083339210084491,2.502743374258181
1,56,0.8818686737829726,2.118131326217028,2,0,0.2939562245943242,2.26791137893645,0,-0.9061701660117928,1,0.0864102619777487,2.502743374258181
1,57,0.9999999999999983,1.99988542982638,3,2,0.3333460638388028,3.000000000000005,1.000057288368579,-0.7991001922936721,0.9547262233185714,0.2098954035781191,2.502743374258181
1,58,0.8818915807483889,2.118101607033549,1,4,0.2939645277662849,1.133926235185715,1.888483530118319,0.3014920757331967,0.5406754570885542,0.8245583892950504,2.502743374258181
1,59,1.001065906200682,1.998934093799313,4,0,0.3336886354002279,3.995740914982402,0,-1.596544398471038,1,0.0123984005751151,2.502743374258181
1,60,0.8130169486322097,2.127678947931204,3,0,0.2764709365501976,3.689959975677126,0,-1.474366095073906,0.9999999999999998,0.02113238192725064,2.502743374258181
1,61,0.9999999999999983,1.955281567805096,5,0,0.3383772331185027,5.000000000000008,0,-1.997807706306293,0.9999999999999998,0.004436144402287345,2.502743374258181
1,62,0.9995339315178399,2.000466068482154,2,4,0.3331779771726139,2.000932571606553,1.999534040102457,-0.0005578337554837874,0.6806909283742236,0.648527071335953,2.507075791574953
1,63,0.8129394079743458,2.142259850756565,3,2,0.2750878491772012,3.690311935394171,0.9335935597605843,-1.099575204266883,0.9776688491405926,0.1317230046002886,2.507075791574953
1,64,0.9999999999999982,1.999999999999996,4,0,0.3333333333333333,4.000000000000007,0,-1.595484274325506,1,0.01234567901234551,2.507075791574953
1,65,1.061449582186924,1.933483088474693,14,0,0.3544151735312424,13.18951011423033,0,-5.260913993327916,1,4.933694999209592e-7,2.507075791574953
1,66,0.9999999999999982,1.999699202626021,13,0,0.3333667586151874,13.00000000000002,0,-5.185323891557894,1,6.280436084526997e-7,2.507075791574953
1,67,0.8136577890946701,2.127256324791199,2,10,0.276668327460802,2.458035831286435,4.700890947395138,0.894610016835484,0.3127496951188887,0.8853289444775859,2.507075791574953
1,68,1.841237625731066,1.158204106376685,10,0,0.6138601080399056,5.431129507811076,0,-2.166320430384445,1,0.007597909474875597,2.507075791574953
1,69,0.8421240462169165,2.010645568114614,10,0,0.2951952523562774,11.87473513542704,0,-4.736488292588589,0.9999999999999997,0.000005024509645235042,2.507075791574953
1,70,0.9999999999999982,1.999999999999996,4,0,0.3333333333333333,4.000000000000007,0,-1.595484274325506,1,0.01234567901234551,2.507075791574953
1,71,0.8131841940924965,2.128202707677249,1,7,0.2764628460143165,1.229733690429125,3.289160367453861,0.8214457193298479,0.3046979037861418,0.924891913444307,2.507075791574953
1,72,0.8419952816581524,2.010529536883164,2,0,0.2951754446395036,2.375310222714519,0,-0.9474425267464056,0.9999999999999999,0.08712854311812879,2.507075791574953
1,73,1.189014807372351,1.81052203231362,12.5,14.5,0.396399467958137,10.51290524095678,8.00873987789633,-0.9988391142683896,0.8130470903247028,0.3052343550300421,2.507075791574953
1,74,0.8423077803938834,2.157643993633608,6,4,0.2807737736607244,7.123286926299381,1.853873953164882,-2.101816383390722,0.992878396515531,0.03465251500473643,2.507075791574953
1,75,0.8421323532550834,2.010653053682673,5,0,0.2951965301025032,5.937308999795061,0,-2.368220785246075,0.9999999999999998,0.002241590313575403,2.507075791574953
1,76,0.9999999999999982,1.999999999999996,0,0,0.3333333333333333,0,0,0,1,1,2.507075791574953
1,77,0.8819087989640298,2.11809120103597,1,0,0.2939695996546766,1.13390409663073,0,-0.4522815386918987,1,0.2939695996546766,2.507075791574953
1,78,1.841798670679445,1.158020389939875,10,0,0.6139699206722158,5.429475088235877,0,-2.165660530280604,1,0.007611512222426842,2.507075791574953
1,79,0.8678985866545149,2.132101413345482,6,0,0.2892995288848386,6.91325011039386,0,-2.757495458903113,0.9999999999999998,0.0005862547283603803,2.507075791574953
1,80,0.9999999999999982,1.999999999999996,6,0,0.3333333333333333,6.000000000000011,0,-2.393226411488259,1,0.001371742112482699,2.507075791574953
1,81,0.9999999999999982,1.999999999999996,8,2,0.3333333333333333,8.000000000000014,1.000000000000002,-2.792097480069635,0.9996443631560238,0.003403952649493669,2.507075791574953
1,82,1.825789053422364,1.102507035012961,18,0,0.6234987850555566,9.858751188292958,0,-3.93237062135232,0.999999999999998,0.000202787419109618,2.507075791574953
1,83,0.9999999999999982,1.999953582871894,11,1,0.3333384908718108,11.00000000000002,0.5000116045513516,-4.188141591384655,0.9999981179741733,0.00004704959736057113,2.507075791574953
1,84,0.941099228151009,1.999777825650711,6,0,0.3200063147605694,6.375523239763234,0,-2.543011767409756,0.9999999999999999,0.001073868963194724,2.507075791574953
1,85,0.9999999999999982,1.999999999999996,2,0,0.3333333333333333,2.000000000000004,0,-0.7977421371627529,1,0.1111111111111109,2.507075791574953
1,86,0.8126317110559733,2.12806418550744,1,0,0.2763399343691538,1.230569748134184,0,-0.4908386704021964,1,0.2763399343691537,2.507075791574953
1,87,0.8421961695209259,2.010710559257059,4,0,0.2952063455231404,4.749487286644103,0,-1.894433069237392,1,0.007594562386318393,2.507075791574953
1,88,0.9939359935639994,2.006052288457292,10,13,0.3313132919620335,10.06101002957199,6.480389406996639,-1.428205973911141,0.896997568997157,0.2004418425949619,2.507075791574953
1,89,0.9999999999999982,1.998838663970182,8,0,0.3334624206412267,8.000000000000014,0,-3.190968548651012,0.9999999999999997,0.0001528886294552834,2.507075791574953
1,90,0.8127837179345195,2.127882915911565,2,7,0.2763943755404479,2.460679213755026,3.289654683373999,0.3306543313946677,0.527042809928368,0.758633640047245,2.507075791574953
1,91,0.1897269928981547,2.81027300710184,1,5,0.06324233096605167,5.270731300404889,1.77918657275094,-1.392676176518999,0.9494279624504618,0.3242850253172674,2.507075791574953
1,92,0.9999999999999982,1.999999999999996,8,0,0.3333333333333333,8.000000000000014,0,-3.190968548651012,1,0.000152415790275473,2.507075791574953
1,93,0.9999999999999982,1.944060275355815,11,0,0.3396669587137241,11.00000000000002,0,-4.387581754395141,1,0.000006943626142841275,2.507075791574953
1,94,0.9999999999999982,1.999999999999996,3,0,0.3333333333333333,3.000000000000005,0,-1.196613205744129,1,0.03703703703703698,2.507075791574953
1,95,1.022351787380622,1.955729136632808,5,16,0.3432921446616847,4.890684460786781,8.181092003132557,1.312448372483678,0.2193220453495294,0.8967740946723982,2.507075791574953
1,96,0.9999626658984495,2.000037334101545,4,3,0.3333208886328171,4.000149341981751,1.49997199994652,-0.9972484080605364,0.954739679672862,0.173277634648881,2.507075791574953
1,97,0.9999999999999982,1.842028687345579,1,1,0.3518613321718392,1.000000000000002,0.5428797102183199,-0.1823320584554476,0.8761936029222586,0.579916267265937,2.507075791574953
1,98,0.1888559656524428,2.811144034347552,0,4,0.06295198855081438,0,1.422908236336021,0.5675569287205893,0.7709875649142335,1,2.507075791574953
1,99,0.999998796244776,2.000001203755219,3,1,0.3333329320815926,3.000003611270019,0.4999996990613765,-0.9971792319202812,0.9876543804322495,0.1111107544432189,2.507075791574953
1,100,0.8818298473346382,2.118129333530387,3,1,0.293947282002806,3.402016850606277,0.4721147024262454,-1.168653200683438,0.9925341751806205,0.07919659055258266,2.507075791574953
1,101,0.8134281793825838,2.141781065276633,5,0,0.2752523127939745,6.146824177882734,0,-2.451790328213923,0.9999999999999998,0.001579991985433016,2.507075791574953
1,102,0.9998687333622898,2.000131266637704,6,19,0.3332895777874306,6.000787703225416,9.499376524391677,1.395485861625442,0.2216759394476775,0.8879609233437408,2.507075791574953
1,103,0.940497372575077,2.000341785596008,6,8,0.319805783992612,6.379603149312401,3.999316545605417,-0.9494274611505383,0.8752972765312403,0.2719125136769944,2.507075791574953
1,104,0.9999999999999982,1.999999999999996,4,0,0.3333333333333333,4.000000000000007,0,-1.595484274325506,1,0.01234567901234551,2.507075791574953
1,105,0.9991959210207167,2.000804078979277,4,6,0.3330653070069062,4.003218904170312,2.998794366243464,-0.4006358887522365,0.7874206320600347,0.4400036026865705,2.507075791574953
1,106,0.9999999999999982,1.999999999999996,9,0,0.3333333333333333,9.000000000000016,0,-3.589839617232388,1.000000000000001,0.00005080526342449154,2.507075791574953
1,107,0.9999999999999982,1.99981812141816,5,0,0.3333535432899012,5.000000000000009,0,-1.994355342906882,1,0.004116474016915728,2.507075791574953
1,108,0.9999999999999982,1.999508151710271,16,0,0.3333879921045773,16.00000000000003,0,-6.381937097302023,1,2.3291595985242e-8,2.507075791574953
1,109,0.8421377660009878,2.010657931170538,7,0,0.2951973626558487,8.312179173771657,0,-3.315487789282158,1,0.0001953382585958563,2.507075791574953
1,110,0.8817388368287282,2.118261163171272,8,0,0.2939129456095761,9.072981324915764,0,-3.618949756288017,0.9999999999999997,0.00005568647434950336,2.507075791574953
1,111,0.9999999999999982,1.999999999999996,11,0,0.3333333333333333,11.00000000000002,0,-4.387581754395141,1,0.000005645029269252255,2.507075791574953
1,112,0.1861030745650577,2.813896925434937,0,6,0.06203435818835269,0,2.132274265544604,0.8505025148063444,0.6809599677472008,1,2.507075791574953
1,113,0.00008644487738709759,2.999913555122605,0,1,0.00002881495912903261,0,0.3333429385964858,0.1329608541220362,0.999971185040871,1,2.507075791574953
1,114,0.8522832103513119,2.147716789648686,11,0,0.2840944034504375,12.90650791474091,0,-5.148032603606691,1,9.729476245778912e-7,2.507075791574953
1,115,0.877488752180429,2.122511247819573,10,0,0.2924962507268095,11.39615747227698,0,-4.54559750868875,0.9999999999999997,0.000004583561214910326,2.507075791574953
1,116,0.9410756419871874,1.999797407194574,5,1,0.3199987303936914,5.313069191167179,0.5000506533323569,-1.919773847288146,0.9989262837362982,0.0147636785010451,2.507075791574953
1,117,0.9999999999999982,1.999999999999996,3,0,0.3333333333333333,3.000000000000005,0,-1.196613205744129,1,0.03703703703703698,2.507075791574953
1,118,0.8129843368247385,2.127711559738675,4,0,0.2764598467236333,4.920143991485425,0,-1.962503091458027,1,0.005841552061562338,2.507075791574953
1,119,0.9536480120266506,2.046351987973344,4,1,0.3178826706755508,4.194419691075931,0.4886744831178214,-1.478114550988564,0.996754106506756,0.03807132446400996,2.507075791574953
1,120,0.9406958965634161,1.999999999999996,0,0,0.3198888731278682,0,0,0,1,1,2.507075791574953
1,121,0.9437169277971839,1.214348517259007,3,0,0.4372976407917099,3.17891934714213,0,-1.267978956928591,0.9999999999999999,0.0836240896609679,2.507075791574953
1,122,1.841269298134609,1.15860721219046,6,1,0.6137816979456556,3.258621650878883,0.8631052780255032,-0.9555021754442088,0.967183101038194,0.1773657007051224,2.507075791574953
1,123,0.9999999999999982,1.999999999999996,15,0,0.3333333333333333,15.00000000000003,0,-5.983066028720647,1.000000000000001,6.969171806314733e-8,2.507075791574953
1,124,0.8424172683521999,2.157582731647796,12,0,0.2808057561174004,14.24472224254431,0,-5.68180758252854,0.9999999999999997,2.403654664195898e-7,2.507075791574953
1,125,0.9998600587611284,2.000139941238866,6,4,0.3332866862537101,6.000839764950977,1.999860068552224,-1.595875046874959,0.9803542838839502,0.07651576448040276,2.507075791574953
1,126,1.000096911713112,1.999903088286882,8,0,0.3333656372377047,7.999224781422861,0,-3.190659336388758,1,0.0001525339973674766,2.507075791574953
1,127,1.144881770838597,1.024312816677261,13,0,0.527791179928079,11.35488426064975,0,-4.529134818663209,1.000000000000001,0.0002466082879694076,2.507075791574953
1,128,0.9999999999999982,1.955723707254723,6,0,0.3383266160993103,6.000000000000011,0,-2.393226411488259,0.9999999999999992,0.001499743505857909,2.507075791574953
1,129,0.8422157618919978,1.999999999999996,12,0,0.2963236546585595,14.24813039955767,0,-5.683166997758353,1,4.583485437859025e-7,2.507075791574953
1,130,0.8127277024579054,2.142481542201311,4,0,0.2750152815495899,4.921697621359446,0,-1.963122789466057,0.9999999999999999,0.005720411964872829,2.507075791574953
1,131,0.8817754707315819,2.118224529268419,3,6,0.2939251569105273,3.402226643377812,2.832560909901392,-0.2272231798459327,0.7434292739136594,0.520868795823606,2.507075791574953
1,132,0.9959574273608318,2.004042572639162,1,14,0.3319858091202779,1.004058981366182,6.985879537261092,2.385975157191842,0.01990119016268104,0.9976461145368372,2.507075791574953
1,133,1.062062313502462,1.933145332737318,16,3,0.3545872069456648,15.06502942114131,1.551875044879334,-5.390006325964708,0.99999832344197,0.00001794723001080634,2.507075791574953
1,134,1.696397486107926,1.1863113689076,8,0,0.5884734017299119,4.71587588729251,0,-1.881026454461507,1,0.01438184832982625,2.507075791574953
1,135,0.9999999999999982,1.842121015536154,4,2,0.3518499017225532,4.000000000000007,1.085705001534818,-1.162427960199169,0.9771319100733085,0.1194447490387276,2.507075791574953
1,136,0.999773078504132,2.000226921495863,6,11,0.3332576928347112,6.001361838005526,5.499376036681722,-0.2002276129867036,0.6741778543828226,0.5220675744828731,2.507075791574953
1,137,0.8468139549317909,2.131194048864216,8,16,0.284355835797746,9.447175443210998,7.507528471434559,-0.773669060303098,0.7798269714557525,0.3689778023997232,2.507075791574953
1,138,0.8423248248735858,2.157647881401654,12,1,0.2807774961124279,14.24628557255324,0.4634676531883316,-5.497567311559615,0.9999999325922453,0.000002312086435085625,2.507075791574953
1,139,0.9999786397759326,2.000021360224062,3,3,0.3333262132586448,3.000064082041009,1.499983980003049,-0.5983385532575404,0.8998698578110753,0.3196018479385478,2.507075791574953
1,140,0.9889564214900511,2.011043578509946,2,4,0.3296521404966841,2.022333802117002,1.989017066931858,-0.01328908176494119,0.6876351347932599,0.6415225257987485,2.507075791574953
1,141,0.8807091590990048,2.11867124255607,8,9,0.2936303639955187,9.083588966173885,4.247945513784362,-1.928798271133142,0.9647428638679054,0.0940711565881116,2.507075791574953
1,142,0.9999999999999982,1.999999999999996,1,9,0.3333333333333333,1.000000000000002,4.500000000000008,1.396048740034818,0.1040491794949958,0.9826584700841674,2.507075791574953
1,143,0.81681986328775,2.136912914735796,3,18,0.2765381720936567,3.672780419326259,8.423366191422682,1.89487122330358,0.1272313367478721,0.9556769782007509,2.507075791574953
1,144,0.8885993312959001,2.111373332538204,2,16,0.2962024761119753,2.250733181492805,7.578006103148736,2.124895042885529,0.0640372711436557,0.9846070954973397,2.507075791574953
1,145,0.9999999999999982,1.999999999999996,3,0,0.3333333333333333,3.000000000000005,0,-1.196613205744129,1,0.03703703703703698,2.507075791574953
1,146,1.000096940922328,1.999903059077666,2,2,0.33336564697411,1.999806136948606,1.000048472810666,-0.3987744078171202,0.8888601635643004,0.4074648538797642,2.507075791574953
1,147,0.9999999999999982,1.955240082089809,3,0,0.3383819832644003,3.000000000000005,0,-1.196613205744129,0.9999999999999999,0.03874553789788149,2.507075791574953
1,148,0.9942867563618912,1.959695607716613,7,5,0.3365919744317971,7.040222506445822,2.551416648744685,-1.790454789115591,0.980047251294226,0.06976716930460769,2.507075791574953
1,149,0.9999999999999982,1.999999999999996,7,1,0.3333333333333333,7.000000000000012,0.5000000000000009,-2.592661945778947,0.9998475842097245,0.002591068434689481,2.507075791574953
1,150,0.8420403994693979,2.000018150545931,8,1,0.2962783435495571,9.500731799853199,0.4999954624046971,-3.590133320937302,0.999982408649932,0.0003936388355125775,2.507075791574953
1,151,0.8142673813503671,2.131759341993369,6,6,0.2763951103695946,7.368586949964399,2.814576618385783,-1.816462967287388,0.9751349138209886,0.08400260007683213,2.507075791574953
1,152,0.9534997781800698,2.046500221819924,1,0,0.3178332593933573,1.048767941937736,0,-0.4183231896945952,1,0.3178332593933573,2.507075791574953
1,153,0.9999999999999982,1.955324138965683,3,0,0.3383723588269349,3.000000000000005,0,-1.196613205744129,1,0.03874223192931225,2.507075791574953
1,154,0.9999999999999982,1.999999999999996,10,0,0.3333333333333333,10.00000000000002,0,-3.988710685813765,1.000000000000001,0.00001693508780764574,2.507075791574953
1,155,0.9999999999999982,1.842061819514768,2,0,0.3518572302451645,2.000000000000004,0,-0.7977421371627529,1,0.1238035104757987,2.507075791574953
1,156,1.000092159671724,1.99962403529432,5,6,0.3333955930064392,4.999539244104494,3.000564053090547,-0.797333370507393,0.8778214030475617,0.2891531665130999,2.507075791574953
1,157,0.9999999999999982,1.999999999999996,0,0,0.3333333333333333,0,0,0,1,1,2.507075791574953
1,158,0.8420262863072487,2.010557475530645,6,0,0.295180214362834,7.125668280871991,0,-2.842222921547826,1,0.0006614902735737616,2.507075791574953
1,159,0.9999999999999982,1.999999999999996,5,5,0.3333333333333333,5.000000000000009,2.500000000000004,-0.9971776714534412,0.9234364680180874,0.2131280800690944,2.507075791574953
1,160,0.8429552670644478,2.157044732935549,19,0,0.2809850890214829,22.53974883645559,0,-8.990453703952863,1.000000000000001,3.349442945221881e-11,2.507075791574953
1,161,0.969693929616853,2.030306070383142,6,13,0.3232313098722848,6.187519398384529,6.402975487113009,0.0859392003434926,0.5807068533820754,0.6126171146372426,2.507075791574953
1,162,0.9999999999999982,1.999999999999996,1,0,0.3333333333333333,1.000000000000002,0,-0.3988710685813764,1,0.3333333333333333,2.507075791574953
1,163,0.8819120042476909,2.11806756691671,2,3,0.2939726699223451,2.267799950978201,1.416385410389493,-0.3396046276103389,0.844802048006001,0.4593413906809085,2.507075791574953
1,164,0.9999863448373929,1.955626205686215,7,1,0.338334720043139,7.000095587443512,0.5113451625327895,-2.588174815741996,0.9998282991123429,0.002857999613024798,2.507075791574953
1,165,0.8353668524689787,2.150355117030085,9,1,0.2797872209813074,10.77370974608334,0.4650394681698565,-4.11183032940442,0.9999970604642515,0.00007860743806242798,2.507075791574953
1,166,0.9999999999999982,1.955441458212456,8,0,0.3383589267928963,8.000000000000014,0,-3.190968548651012,1,0.0001717991893941395,2.507075791574953
1,167,0.8464526096025231,2.153547390397472,5,0,0.2821508698675082,5.907005239605674,0,-2.3561334920373,1,0.00178816243708535,2.507075791574953
1,168,0.8431699103777955,2.156830089622201,13,0,0.2810566367925988,15.41800749765269,0,-6.149797125984392,1,6.828416176940522e-8,2.507075791574953
1,169,0.9943457441233232,2.004284680691139,1,27,0.3315999650690023,1.005686408284135,13.4711402327785,4.972108887327863,0.0001879088417083644,0.9999873811147909,2.507075791574953
1,170,0.9999999999999982,1.999999999999996,1,1,0.3333333333333333,1.000000000000002,0.5000000000000009,-0.1994355342906882,0.8888888888888891,0.5555555555555555,2.507075791574953
1,171,0,2.999999999999992,0,0,0,null,0,null,1,1,2.507075791574953
1,172,0.9999999999999982,1.999999999999996,5,0,0.3333333333333333,5.000000000000009,0,-1.994355342906882,1,0.004115226337448097,2.507075791574953
1,173,0,1.110717416454873,0,0,0,null,0,null,1,1,2.507075791574953
1,174,0.9999999999999982,1.999999999999996,19,2,0.3333333333333333,19.00000000000004,1.000000000000002,-7.179679234464778,0.9999999958892402,8.441397558733854e-8,2.507075791574953
1,175,0.9999999999999982,1.999999999999996,9,0,0.3333333333333333,9.000000000000016,0,-3.589839617232388,1.000000000000001,0.00005080526342449154,2.507075791574953
1,176,0.9999999999999982,1.999999999999996,2,0,0.3333333333333333,2.000000000000004,0,-0.7977421371627529,1,0.1111111111111109,2.507075791574953
1,177,0.5240749373782713,1.369925324848372,4,2,0.2767026741391013,7.632496260955227,1.459933591797324,-2.669720389458402,0.9925117839938247,0.05349039497219876,2.312063350727943
1,178,0.5360777540989373,1.372363199174697,9,6,0.2808982657699622,16.78860935971423,4.372020470680242,-5.318535055187048,0.9978756821383281,0.009659393565223495,2.334588145080357
1,179,0.5771773000142457,1.479226021597046,2,5,0.2806731996338148,3.465139741203676,3.380146054084252,-0.03641941282944002,0.6904364631395332,0.6281683942225716,2.33374677174145
1,180,0.8138845672444314,2.126710822023776,2,9,0.2767754347349955,2.457350932173833,4.231887056198645,0.7083816710029891,0.3755818276321397,0.8524924429223962,2.505056520607412
1,181,0.8419437647309496,2.158056235269047,1,0,0.2806479215769835,1.187727781699956,0,-0.4737502494704483,1,0.2806479215769835,2.507075791574953
1,182,0.812708552652528,2.127987343910885,0,2,0.2763660647815654,0,0.9398552137647277,0.3751412300674976,0.5236460721997176,1,2.505337026259746
1,183,0.9999068952830151,2.00009310471698,1,1,0.3333022984276723,1.00009311338628,0.4999767249042657,-0.1996204036582837,0.8889095778628308,0.5555141747181755,2.505337026259746
1,184,0.9973725160323617,2.001999466255967,2,5,0.3325271163170065,2.005268811653425,2.497503163350355,0.1963380418538152,0.5725026620348075,0.7351364592284791,2.507075791574953
1,185,0.9995317791038744,2.00046822089612,1,1,0.333177259701292,1.00046844022963,0.4998829721734069,-0.1996690605598938,0.8889929136179378,0.5553474330205219,2.507075791574953
1,186,0.8818171617147752,2.118182838285225,3,8,0.2939390539049251,3.402065791242055,3.776822215440288,0.1494794953776844,0.5873466500886961,0.6714706739210741,2.507075791574953
1,187,0.9999999999999982,1.999472867127123,2,6,0.333391913945797,2.000000000000004,3.000790907766056,0.3991865388071705,0.4680773134288178,0.8050037719947479,2.507075791574953
1,188,1.695695191153099,1.187403035005737,9,2,0.5881503362486128,5.307557659510647,1.684348061305348,-1.445193484130445,0.974647200680927,0.1039189124107353,2.507075791574953
1,189,0.9999999999999982,1.999999999999996,2,0,0.3333333333333333,2.000000000000004,0,-0.7977421371627529,1,0.1111111111111109,2.507075791574953
1,190,0.1913595949031197,2.808640405096876,1,4,0.06378653163437333,5.225763570968435,1.424176620382285,-1.516343049285311,0.964259283005824,0.2807590218702172,2.507075791574953
1,191,0.8126511755534039,2.142558069105813,1,0,0.2749893859536554,1.230540273714628,0,-0.4908269139089723,1,0.2749893859536554,2.507075791574953
1,192,0.9907548125524127,2.009245187447581,7,5,0.3302516041841382,7.065320209716051,2.488496690815363,-1.82556248769229,0.9823185971399789,0.06341108081136115,2.507075791574953
1,193,1.000502997927766,1.999478899052658,2,2,0.3335030117797722,1.998994509903904,1.000260618377913,-0.3983660545414077,0.8887380060216177,0.407709057959316,2.507075791574953
1,194,0.8420460096661687,2.000654188707926,4,5,0.296213441764905,4.750334250245792,2.499182531504422,-0.897919291593171,0.905763887965322,0.2617282529821527,2.507075791574953
1,195,0.9558387852094405,2.044161214790553,4,8,0.3186129284031475,4.184806122010975,3.913585651716657,-0.108181998807438,0.6731011051204268,0.5639324821559467,2.507075791574953
1,196,0.8816472524547422,2.046260385845928,7,0,0.3011185328805118,7.939683337650204,0,-3.166909977086281,1,0.0002244721159450069,2.507075791574953
1,197,0.99984937894232,2.000102954491346,6,8,0.3332884218856634,6.000903862486804,3.99979410161639,-0.7981847886670034,0.8506244234543865,0.3100625500959688,2.507075791574953
1,198,0.8127723247039406,2.141779097070137,2,10,0.2750916158419429,2.460713706914809,4.669015592541536,0.8808277328701997,0.3170851117481714,0.8830530339382386,2.507075791574953
1,199,0.9541948233251649,2.000888946965788,2,14,0.3228994158873595,2.096008017556025,6.996890067902094,1.954820060412821,0.07011223486400264,0.9831550306952297,2.507075791574953
1,200,0.8127422870595528,2.142466957599664,3,0,0.2750202167675186,3.691206976388296,0,-1.472315671027028,0.9999999999999999,0.02080146201633126,2.507075791574953
1,201,0.8420401293648274,2.157954718678628,7,1,0.2806805251395652,8.313142991510725,0.4634017532176606,-3.131034675805246,0.9999614789387645,0.0008282858523733783,2.507075791574953
1,202,0.8128179279743951,1.345247517081798,3,0,0.3766419270724343,3.690863472310744,0,-1.472178657188553,0.9999999999999999,0.05343010032526985,2.507075791574953
1,203,0.9535748666789665,2.046425133321027,4,0,0.3178582888929895,4.194741430141586,0,-1.673160996663143,1,0.01020784729588708,2.507075791574953
1,204,0.9999999999999982,1.999999999999996,15,2,0.3333333333333333,15.00000000000003,1.000000000000002,-5.58419496013927,0.9999997289766475,0.000004483500612662006,2.507075791574953
1,205,0.9999357958604046,2.00006420413959,5,5,0.3333119319534688,5.000321041310158,2.499919747401787,-0.9973377359834867,0.9234583859303704,0.2130842421336746,2.507075791574953
1,206,0.000458752338911396,1.111125376920028,0,1,0.0004127014112887999,0,0.8999884448431368,0.3589793527054725,0.9995872985887112,1,2.507075791574953
1,207,0.9999999999999982,1.999696234947596,11,0,0.3333670884236945,11.00000000000002,0,-4.387581754395141,0.9999999999999992,0.000005651320554633799,2.507075791574953
1,208,0.8419988120639005,2.158001187936096,6,0,0.2806662706879672,7.125900789922554,0,-2.842315662681278,0.9999999999999996,0.0004888114207262095,2.507075791574953
1,209,0.8434514670501302,2.156548532949867,14,0,0.2811504890167104,16.59846540899776,0,-6.620647634497939,1,1.928163251285753e-8,2.507075791574953
1,210,0.9999999999999982,1.999835907260727,9,0,0.3333515668572484,9.000000000000016,0,-3.589839617232388,1,0.00005083028059094108,2.507075791574953
1,211,0.8446088472614709,2.155391152738524,8,0,0.2815362824204908,9.471840161204693,0,-3.778043006531706,1,0.00003947071312526695,2.507075791574953
1,212,0.8380914202861963,2.154900730001062,9,43,0.2800179145828227,10.73868528200256,19.95451549175483,3.675928043628413,0.05424448308521796,0.9742817042677634,2.507075791574953
1,213,0.9441343453509834,2.011553665378001,6,11,0.3194296359845247,6.355027787670928,5.468409910870032,-0.353646219942924,0.7179241715776992,0.4728128111511606,2.507075791574953
1,214,0.99971080715861,2.000289192841385,7,47,0.3332369357195372,7.002024935486577,23.49660247538363,6.579209769137095,0.0005943857426686315,0.9998362935096193,2.507075791574953
1,215,0.814258212649497,1.346102260508407,3,2,0.3769084940992539,3.684334960820801,1.485771221604385,-0.8769434680055168,0.9295203961864904,0.2783589951693111,2.507075791574953
1,216,0,2.999999999999992,0,0,0,null,0,null,1,1,2.507075791574953
1,217,0.9980459145048868,2.001453362576489,7,25,0.3327375079336651,7.013705379949958,12.49092307992492,2.184703676841838,0.1166945130963615,0.944855149572971,2.507075791574953
1,218,0.9549991258035156,1.99086706923243,5,3,0.3241827912662077,5.235606886857732,1.506881120474124,-1.487280830884339,0.9829993704186238,0.07889135203448983,2.507075791574953
1,219,0.9999999999999982,1.999999999999996,5,0,0.3333333333333333,5.000000000000009,0,-1.994355342906882,1,0.004115226337448097,2.507075791574953
1,220,0.8819180123273014,1.999999999999996,0,0,0.3060177314395932,0,0,0,1,1,2.507075791574953
1,221,0.9999999999999982,1.999805105523653,9,0,0.3333549896820502,9.000000000000016,0,-3.589839617232388,0.9999999999999996,0.00005083497807256698,2.507075791574953
1,222,0.850942226880588,2.14905777311941,4,0,0.2836474089601961,4.700671648019316,0,-1.874961923295641,0.9999999999999999,0.00647314421917522,2.507075791574953
1,223,0.9999999999999982,1.84452724159374,3,6,0.3515522668855567,3.000000000000005,3.252866026969479,0.1008609423852408,0.6049998581641391,0.6663307900248449,2.507075791574953
1,224,0.939347909637428,2.00598030406922,7,7,0.3189280927218885,7.451978045814653,3.489565668117573,-1.580491659252104,0.9551086740650094,0.1231887506009679,2.507075791574953
1,225,0.9999999999999982,1.999999999999996,7,0,0.3333333333333333,7.000000000000012,0,-2.792097480069635,1,0.0004572473708274183,2.507075791574953
1,226,0.9443373469266366,1.213728098129555,8,0,0.4375851293527607,8.471548886672911,0,-3.379055756966588,1,0.001344313122612739,2.507075791574953
1,227,0.9440581760707035,1.996726128425036,13,3,0.3210225838826294,13.7703378134044,1.502459429609567,-4.893301760170607,0.9999927272230964,0.00007468158262491364,2.507075791574953
1,228,0.8419990629773548,2.158000937022641,4,0,0.2806663543257853,4.750599110948866,0,-1.894876543785908,1,0.006205280443033367,2.507075791574953
1,229,0.9999999999999982,1.999999999999996,8,1,0.3333333333333333,8.000000000000014,0.5000000000000009,-2.991533014360324,0.9999491947365755,0.0009653000050797722,2.507075791574953
1,230,0.9999999999999982,1.842143433999664,4,0,0.351847126375578,4.000000000000007,0,-1.595484274325506,0.9999999999999999,0.01532554873683267,2.507075791574953
1,231,0.9999729077003418,1.999387990952968,7,2,0.3333953270342765,7.000189651235696,1.000306098190947,-2.393179964166781,0.9990333385423038,0.008290786777210624,2.507075791574953
1,232,0.9999999999999982,1.999999999999996,9,3,0.3333333333333333,9.000000000000016,1.500000000000003,-2.991533014360324,0.999456195513707,0.003855554991052723,2.507075791574953
1,233,0.8421994784788208,2.157800521521176,14,8,0.2807331594929406,16.62314019154556,3.707478944513496,-5.151683603038745,0.9998922081302252,0.0005403754364049496,2.507075791574953
1,234,0.9999999999999982,1.955915881798609,6,0,0.3383046202896414,6.000000000000011,0,-2.393226411488259,1,0.001499158579163051,2.507075791574953
1,235,0.988654393419084,2.01134560658091,10,3,0.3295514644730286,10.11475806567429,1.491538793822562,-3.439552685575011,0.9998105828817934,0.001491668514320033,2.507075791574953
1,236,0.9999411357717405,2.000058864228255,5,5,0.333313711923914,5.000294338467304,2.499926421880241,-0.9973244227356701,0.9234565631604639,0.2130878880099961,2.507075791574953
1,237,0.9999069495065799,2.000093050493415,4,3,0.3333023165021939,4.000372236610481,1.499930215376686,-0.9973539809352991,0.9547503775732518,0.1732491041246675,2.507075791574953
1,238,0.874518431553978,2.12538459265102,8,1,0.2915155671692866,9.14789181262238,0.4705030813988761,-3.461159315719107,0.9999847960734607,0.0003477614924281003,2.507075791574953
1,239,0.8423748515732506,2.000118098890566,12,3,0.2963507267223999,14.24543951850931,1.499911431062022,-5.083822407874038,0.9999924933681273,0.00008024307935783348,2.507075791574953
1,240,0.999772050200733,2.000227949799262,8,4,0.3332573500669116,8.001824014177801,1.999772076178333,-2.394044870190765,0.9961512341932777,0.01873127088281168,2.507075791574953
1,241,0.9999999999999982,1.841934554943807,0,0,0.3518729867513686,0,0,0,1,1,2.507075791574953
1,242,0.9436418525151291,1.214423592541063,6,0,0.4372628525593943,6.358344518111339,0,-2.536159672347603,1.000000000000001,0.0069896511664298,2.507075791574953
1,243,0.9533730322219205,2.046626967778074,2,3,0.3177910107406408,2.097814740300366,1.465826478020545,-0.252081833506439,0.8126000937970814,0.508053070190992,2.507075791574953
1,244,0.9999864274895747,2.00001357251042,3,1,0.3333288091631921,3.000040718083923,0.4999966068954215,-0.9971952661303334,0.9876549912214376,0.1111070896674771,2.507075791574953
1,245,0.9983768610394456,2.001597349214031,11,10,0.3327951479139848,11.0178835560627,4.996009813825297,-2.40195121442836,0.979082894324981,0.05511221237851693,2.507075791574953
1,246,0.8420587851083077,2.157941214891689,6,0,0.2806862617027696,7.125393269578281,0,-2.842113227499232,1,0.0004890203573363339,2.507075791574953
1,247,0.9999999999999982,1.999981534372474,3,1,0.3333353850823536,3.000000000000005,0.5000046164495042,-0.9971758300852946,0.9876540170220302,0.1111129348964373,2.507075791574953
1,248,0.8812100763895383,2.118352839182501,10,5,0.2937794942772471,11.34803183478295,2.360324449976692,-3.584936448674396,0.999449345376604,0.003076877936435296,2.507075791574953
1,249,0.8131860979238473,1.344879347132345,4,0,0.3768125289187758,4.918923245506085,0,-1.962016171204781,0.9999999999999999,0.02016050182558082,2.507075791574953
1,250,0.9999785325865964,2.000014673689462,2,2,0.3333269323725858,2.000042935748527,0.9999926632090979,-0.3988911208428981,0.8888945785498309,0.4073960279216351,2.507075791574953
1,251,0.8147584893196527,2.140450755339564,6,0,0.2757024704061548,7.364145423032261,0,-2.937344554073525,0.9999999999999994,0.0004391814067450373,2.507075791574953
1,252,0.8444291440031095,2.155570855996886,14,0,0.2814763813343703,16.5792477668777,0,-6.612982273049895,0.9999999999999997,1.959690265618264e-8,2.507075791574953
1,253,0.9999999999999982,1.955436168585442,4,0,0.3383595323862563,4.000000000000007,0,-1.595484274325506,0.9999999999999999,0.01310731281739996,2.507075791574953
1,254,0.9999568200512994,1.955350470873602,5,1,0.3383596768843453,5.000215909066445,0.5114172701496449,-1.790451909751369,0.9984993769627718,0.01910684704776977,2.507075791574953
1,255,1.841544417740524,1.158143066913321,10,0,0.6139120915634424,5.430224709034965,0,-2.165959532329766,0.9999999999999999,0.007604346065981371,2.507075791574953
1,256,0.9978738662206363,1.992482547770082,3,3,0.3336973016166138,3.00639199156728,1.505659361161029,-0.5985988279450801,0.8995029583931686,0.3203350578028541,2.507075791574953
1,257,0.8126812889090107,1.345384156147182,1,0,0.3765786115387477,1.230494676876905,0,-0.4908087266495859,1,0.3765786115387477,2.507075791574953
1,258,0.881899659356779,2.118100340643221,1,0,0.2939665531189263,1.133915847897434,0,-0.4522862259322061,1,0.2939665531189264,2.507075791574953
1,259,0.9999999999999982,1.999953665413184,15,0,0.3333384817002728,15.00000000000003,0,-5.983066028720647,1,6.970786703419662e-8,2.507075791574953
1,260,0.940817454595473,1.999933040015945,2,0,0.3199242697805921,2.125810900117652,0,-0.8479244653318638,1,0.1023515383946451,2.507075791574953
1,261,0.9533430934577529,2.046656906542241,2,1,0.317781031152585,2.097880620025312,0.4886016785732138,-0.6418948110225038,0.967908951285899,0.2387722538529992,2.507075791574953
1,262,0.9999976005795619,2.000002399420433,4,1,0.3333325335265212,4.000009597704781,0.4999994001456115,-1.396052807546138,0.9958848230331058,0.04526709474679147,2.507075791574953
1,263,0.9998504030008899,2.000149596999104,3,3,0.3332834676669639,3.000448858145162,1.499887810642267,-0.5985303884890681,0.8999120684620439,0.3195174158115353,2.507075791574953
1,264,0.8816488017517818,2.118351198248218,3,0,0.2938829339172606,3.402715450913317,0,-1.357244747984153,1,0.02538183991395326,2.507075791574953
1,265,0.8422056101828622,1.999999999999996,5,0,0.2963211412874093,5.93679255937797,0,-2.368014792105052,1,0.002284615865894013,2.507075791574953
1,266,0.00008612266115539806,2.999913877338837,0,2,0.0000287075537184661,0,0.6666858055852456,0.2659216796818222,0.9999425857166868,1,2.507075791574953
1,267,0.9953918914899887,2.004558669933081,13,10,0.3318027651155058,13.06018273922292,4.988629242931479,-3.219509168177505,0.9940875258767723,0.01790575024765795,2.507075791574953
1,268,0.8247873789561991,1.333278066099995,3,0,0.382188307053275,3.637301050601208,0,-1.450814156805465,1,0.05582544419864366,2.507075791574953
1,269,0.8135859409687636,2.12710995559465,2,0,0.2766644255597952,2.458252901492538,0,-0.9805259616615961,1,0.07654320437033146,2.507075791574953
1,270,0.9998917269421883,1.999730636194918,6,7,0.3333392027043257,6.000649708692817,3.500471450154697,-0.9972487736270231,0.8964522641200521,0.2413226214683237,2.507075791574953
1,271,0.9995174382539895,1.970828005669283,14,12,0.3364987194667208,14.00675912613986,6.088811385610924,-3.158240276236266,0.9898853215218996,0.02689277611440388,2.507075791574953
1,272,0.8128541294048193,2.127855360390549,2,3,0.2764142912537009,2.460466063529039,1.409870264607354,-0.4190522689629967,0.8666898403121897,0.4227717399268539,2.507075791574953
1,273,0.9998138417080881,2.000186158291906,3,7,0.3332712805693633,3.000558578859822,3.499674253309387,0.1990828024134122,0.5594338239345793,0.7007133165389668,2.507075791574953
1,274,0.9999999999999982,1.955304419656967,3,0,0.3383746166210764,3.000000000000005,0,-1.196613205744129,1,0.03874300745868675,2.507075791574953
1,275,0.999333673049708,2.000575499681036,1,3,0.3331213098495375,1.000666771237938,1.499568499403451,0.1989974654304733,0.5929695231923203,0.8022177288079237,2.507075791574953
1,276,0.9535142097712637,2.046485790228731,2,1,0.3178380699237551,2.097504137331918,0.4886425328603098,-0.6417283473751372,0.9678916680401692,0.2388464521589115,2.507075791574953
1,277,0.9999951581379735,2.000004841862021,5,2,0.3333317193793251,5.000024209427352,0.9999975790748503,-1.595494896402662,0.9931414754055697,0.04526655986864081,2.507075791574953
1,278,0.8817263526435124,1.999999999999996,10,0,0.3059715756267676,11.34138723428068,0,-4.52375124533271,0.9999999999999997,0.000007191356677815897,2.507075791574953
1,279,0.8129585968721857,1.345106848184007,5,0,0.3767071099417088,6.150374716790289,0,-2.453206535462019,0.9999999999999996,0.007586109123953078,2.507075791574953
1,280,0.9430076412873751,1.998324669190898,6,0,0.3206056105690547,6.362620764990749,0,-2.53786534350991,1,0.001085992207981779,2.507075791574953
1,281,0.9999999999999982,1.999999999999996,6,0,0.3333333333333333,6.000000000000011,0,-2.393226411488259,1,0.001371742112482699,2.507075791574953
1,282,0.9536275688329308,2.046372431167064,5,8,0.3178758562776441,5.243137010100393,3.909356810205624,-0.5320063335847075,0.7956320824355955,0.4001503117771141,2.507075791574953
1,283,1.696599772716309,1.186087561987111,10,0,0.5885479678256056,5.89414201322784,0,-2.35100272318657,1,0.00498676203915327,2.507075791574953
1,284,1.8262828659536,1.102285961661782,9,0,0.6236093373433432,4.928042729733773,0,-1.96565366962359,0.9999999999999993,0.01426308543350108,2.507075791574953
1,285,0.9999999999999982,1.999999999999996,4,0,0.3333333333333333,4.000000000000007,0,-1.595484274325506,1,0.01234567901234551,2.507075791574953
1,286,0.8128781896283352,1.345187255427857,2,0,0.3766698509957233,2.460393236672325,0,-0.9813796794418801,1,0.1418801766491403,2.507075791574953
1,287,0.9430759916212609,1.997694974783093,14,1,0.320690051144768,14.84503913192862,0.5005769212131992,-5.721590970213222,0.9999999609804467,0.00000127883216771707,2.507075791574953
1,288,0.9999999999999982,1.999999999999996,5,1,0.3333333333333333,5.000000000000009,0.5000000000000009,-1.794919808616194,0.9986282578875173,0.01783264746227697,2.507075791574953
1,289,0,1.110717416454873,0,0,0,null,0,null,1,1,2.507075791574953
1,290,0.8423219195551888,2.010823874065655,14,0,0.2952256843791437,16.62072382895257,0,-6.629525874250248,1.000000000000001,3.82083182870474e-8,2.507075791574953
1,291,0.9999999999999982,1.999999999999996,3,10,0.3333333333333333,3.000000000000005,5.000000000000009,0.7977421371627529,0.3224240006573326,0.861267760673339,2.507075791574953
1,292,0.8820804644261763,2.117919535573824,4,9,0.2940268214753921,4.534733690766111,4.249453224653108,-0.1137901243638863,0.6721536774162091,0.5606273883127164,2.507075791574953
1,293,0.9999999999999982,1.999977610468539,4,0,0.3333358210776174,4.000000000000007,0,-1.595484274325506,1,0.0123460475711803,2.507075791574953
1,294,1.040271619868898,1.944744983364009,12,11,0.3484977667267369,11.53544879126119,5.6562686080168,-2.345034882073137,0.972742747398877,0.06620449692839192,2.507075791574953
1,295,0.8420402847858132,2.157959715214183,6,0,0.2806800949286047,7.125549820370173,0,-2.842175671080881,0.9999999999999999,0.0004889558971997721,2.507075791574953
1,296,0.9416196903318443,1.999130737482013,17,4,0.3201970767141368,18.05399799361554,2.000869640490929,-6.403128460284792,0.9999994362159581,0.000005560577875596273,2.507075791574953
1,297,0.9996272287222719,2.000372771277723,4,1,0.3332090762407579,4.00149164115189,0.4999068245471356,-1.396680877527459,0.9958924381371287,0.04520615677274131,2.507075791574953
1,298,0.1873943829450829,2.812605617054912,0,0,0.06246479431502774,0,0,0,1,1,2.507075791574953
1,299,0.812680097658344,2.128015798905069,1,1,0.2763563885024857,1.230496480572613,0.4699213231943726,-0.3033714257599069,0.9236271465338634,0.4763399235388345,2.507075791574953
1,300,0.9999658490924379,1.955355321663573,1,2,0.3383611429402216,1.000034152073886,1.022832002880399,0.009093403112552521,0.7340119699234653,0.7103570192046778,2.507075791574953
1,301,0.9997087881508916,2.000000787148139,6,6,0.3332685258542851,6.001747780068916,2.999998819278256,-1.197310815603605,0.9336172413518155,0.1775926758035284,2.507075791574953
1,302,1.825840689280292,1.102435036358226,13,0,0.623520754310854,7.120007827804695,0,-2.839965130584219,0.9999999999999989,0.002153088493144439,2.507075791574953
1,303,0.9999999999999982,1.999999999999996,7,0,0.3333333333333333,7.000000000000012,0,-2.792097480069635,1,0.0004572473708274183,2.507075791574953
1,304,1.695209322075979,1.187033570656559,7,0,0.588156302284718,4.129283569198225,0,-1.647051749721614,1,0.02434721466751377,2.507075791574953
1,305,0.9535360435630083,2.046463956436986,1,2,0.3178453478543368,1.04872805464529,0.9772954924073609,-0.02849238243134839,0.7611440799073828,0.6825695857877354,2.507075791574953
1,306,0.9999999999999982,1.955337956286763,5,0,0.3383707768083654,5.000000000000009,0,-1.994355342906882,0.9999999999999998,0.004435721205506726,2.507075791574953
1,307,0.8126358929904189,2.142573351668798,1,0,0.2749842145557205,1.230563415455475,0,-0.4908361444798728,1,0.2749842145557205,2.507075791574953
1,308,0.9999999999999982,1.999999999999996,2,0,0.3333333333333333,2.000000000000004,0,-0.7977421371627529,1,0.1111111111111109,2.507075791574953
1,309,0.8816927894787973,2.118307210521203,5,0,0.2938975964929324,5.670909481924757,0,-2.261961724883584,0.9999999999999996,0.002192704823896663,2.507075791574953
1,310,0.8421833625312654,2.010699018730723,5,0,0.2952043757789696,5.936949389467878,0,-2.368077347090599,1,0.002241888212185517,2.507075791574953
1,311,0.9999987998883368,2.000001200111658,4,1,0.3333329332961129,4.000004800452413,0.4999996999722656,-1.396050774468782,0.9958847983561483,0.04526729216298531,2.507075791574953
1,312,0.8674608647490696,2.132539135250928,2,0,0.2891536215830234,2.305579515196389,0,-0.9196289649257139,0.9999999999999999,0.08360981687457847,2.507075791574953
1,313,0.8126056170549159,2.142603627604301,0,0,0.2749739696177156,0,0,0,1,1,2.507075791574953
1,314,0.8130756313662867,2.127620265197126,6,3,0.2764908919403981,7.379387314704834,1.410026050735161,-2.381005506107855,0.9974403003788049,0.01677304375249755,2.507075791574953
1,315,0.8422252203106878,1.999999999999996,12,0,0.2963259963679528,14.24797038917135,0,-5.683103174244578,1.000000000000001,4.583920101275396e-7,2.507075791574953
1,316,0.9999999999999982,1.999999999999996,6,0,0.3333333333333333,6.000000000000011,0,-2.393226411488259,1,0.001371742112482699,2.507075791574953
1,317,0.9999999999999982,1.959373757994191,7,0,0.3379093287215538,7.000000000000012,0,-2.792097480069635,1,0.0005030385533663084,2.507075791574953
1,318,1.694977231517689,1.187222594061265,6,0,0.5880845652945715,3.539870558985372,0,-1.411951952502247,0.9999999999999998,0.04136553894655193,2.507075791574953
1,319,0.8419621357630811,2.158037864236915,4,0,0.2806540452543607,4.75080746520121,0,-1.894959650269184,1,0.006204191944687687,2.507075791574953
1,320,0.8126662085453517,2.128029688018061,1,0,0.2763516654323414,1.230517510737859,0,-0.4908178344161044,1,0.2763516654323415,2.507075791574953
1,321,0.8419851264071431,2.158014873592853,3,0,0.2806617088023813,3.563008307286115,0,-1.421180930891531,1,0.02210800200122787,2.507075791574953
1,322,0.9438023450180951,1.996990964982523,7,5,0.3209346069336294,7.416807170431212,2.503766961230974,-1.959669598226965,0.985281030782934,0.05482401581632212,2.507075791574953
1,323,0.9999999999999982,1.999999999999996,2,0,0.3333333333333333,2.000000000000004,0,-0.7977421371627529,1,0.1111111111111109,2.507075791574953
1,324,0.8419391327248495,2.000072832302354,1,2,0.2962475679502604,1.187734316094327,0.9999635851749108,-0.07489631209013352,0.7887110618130391,0.6514543024826345,2.507075791574953
1,325,0.8419345549438041,1.999999999999996,0,0,0.2962540264972616,0,0,0,1,1,2.507075791574953
1,326,0.9999999999999982,1.999999999999996,4,0,0.3333333333333333,4.000000000000007,0,-1.595484274325506,1,0.01234567901234551,2.507075791574953
1,327,0.9999999999999982,1.998624453174296,18,0,0.3334862419805237,18.00000000000003,0,-7.179679234464777,0.9999999999999983,2.602572712895324e-9,2.507075791574953
1,328,0.8127195506428689,2.142508735520968,1,4,0.2750107510976267,1.230436746856884,1.866970217522763,0.2538947856323109,0.5801689118285739,0.7997106617608624,2.507075791574953
1,329,0.8818583413690455,2.118141658630955,4,1,0.2939527804563485,4.535875902460909,0.4721119552723129,-1.620917868077585,0.9978052358263011,0.02855286053170292,2.507075791574953
1,330,0.9999999999999982,1.999999999999996,0,0,0.3333333333333333,0,0,0,1,1,2.507075791574953
1,331,0.9439661708772531,1.996729725686165,14,0,0.3210009481022499,14.8310399587619,0,-5.91567275652444,0.9999999999999993,1.233355895191579e-7,2.507075791574953
1,332,0.9999999999999982,1.999999999999996,6,2,0.3333333333333333,6.000000000000011,1.000000000000002,-1.994355342906882,0.9974089315653105,0.0196616369455872,2.507075791574953
1,333,0.1926436379804561,2.807315552736765,1,6,0.06421541952189005,5.190931870282946,2.137273094985986,-1.218016138785594,0.9302438273194094,0.371607210083622,2.507075791574953
1,334,0.9999999999999982,1.955307155400454,5,0,0.3383743033859015,5.000000000000009,0,-1.994355342906882,0.9999999999999999,0.004435952360823614,2.507075791574953
1,335,0.8818122862978804,2.118187713702119,2,1,0.2939374287659601,2.268056400525577,0.4721016902945883,-0.7163543743935894,0.9746040377686307,0.2084057116258935,2.507075791574953
1,336,0.8419662396715988,2.010503366813574,2,0,0.2951709766713602,2.37539215441712,0,-0.9474752069321728,1,0.08712590546912458,2.507075791574953
1,337,0.9999999999999982,1.999999999999996,2,0,0.3333333333333333,2.000000000000004,0,-0.7977421371627529,1,0.1111111111111109,2.507075791574953
1,338,0.1874882063570383,2.812511793642956,0,1,0.06249606878567956,0,0.355554064612377,0.1418202296903903,0.9375039312143204,1,2.507075791574953
1,339,0,1.110717416454873,0,0,0,null,0,null,1,1,2.507075791574953
1,340,0.9999999999999982,1.999999999999996,5,0,0.3333333333333333,5.000000000000009,0,-1.994355342906882,1,0.004115226337448097,2.507075791574953
1,341,0.822633647601096,2.118062248962316,3,1,0.2797411485364573,3.646823842847153,0.472129655532986,-1.266293662913084,0.9938761377300122,0.06919311079746926,2.507075791574953
1,342,0.9999999999999982,1.999999999999996,4,2,0.3333333333333333,4.000000000000007,1.000000000000002,-1.196613205744129,0.982167352537723,0.1001371742112481,2.507075791574953
1,343,0.9999999999999982,1.999999999999996,13,2,0.3333333333333333,13.00000000000002,1.000000000000002,-4.786452822976518,0.9999978395567006,0.00003143096543745116,2.507075791574953
1,344,1.825548293663637,1.102860539077408,13,0,0.6233925650179419,7.121148229889167,0,-2.840420003982265,0.9999999999999999,0.002147341106350842,2.507075791574953
1,345,0.9421628315079041,1.998628637361818,17,4,0.3203773002884899,18.04359016454936,2.001372303601126,-6.398776580611655,0.99999943089382,0.000005608580018856557,2.507075791574953
1,346,1.841925697702136,1.158033068482674,4,0,0.6139836715304591,2.171640259425304,0,-0.866204470851307,0.9999999999999997,0.1421108660535965,2.507075791574953
1,347,0.9999999999999982,1.999999999999996,5,1,0.3333333333333333,5.000000000000009,0.5000000000000009,-1.794919808616194,0.9986282578875173,0.01783264746227697,2.507075791574953
1,348,0.881821609561527,2.118178390438473,3,0,0.293940536520509,3.402048631459266,0,-1.356978772995964,0.9999999999999999,0.02539676776251854,2.507075791574953
1,349,0.9999999999999982,1.955477102873632,5,0,0.3383548460002249,5.000000000000009,0,-2.000081686548092,1,0.004434677114604879,2.499897895985151
1,350,0.9999999999999981,1.999999999999996,7,0,0.3333333333333334,7.000000000000013,0,-2.808085972399534,1,0.0004572473708274183,2.492801170905196
1,351,0.8128190876072733,2.127876808956138,3,0,0.2764036528078809,3.690858206628999,0,-1.481823167243274,1,0.02111695694531657,2.490754827038728
1,352,0.8817645835227345,2.000041000111031,3,1,0.3059764296836734,3.402268650907605,0.499989750182364,-1.167127354725074,0.9912350005967844,0.088288983468642,2.486685697987856
1,353,0.9409249057857036,1.999873850755783,4,0,0.3199555575480025,4.251136276023926,0,-1.710934351346035,1,0.01047993605234021,2.484686962231748
1,354,0.9999999999999982,1.999999999999996,8,0,0.3333333333333333,8.000000000000014,0,-3.228586661520439,1,0.000152415790275473,2.477864415209029
1,355,0.9999322807231747,2.000067719276819,4,2,0.3333107602410589,4.000270895452145,0.9999661415080265,-1.212705913360735,0.9821729254802671,0.1001148813088782,2.474057989566048
1,356,0.9999999999999982,1.999999999999996,6,2,0.3333333333333333,6.000000000000011,1.000000000000002,-2.043950723890186,0.9974089315653105,0.0196616369455872,2.446242926289176
1,357,0.8127337594263749,2.127969107295812,3,1,0.276373981412232,3.691245706487437,0.4699316341442493,-1.31939444998246,0.9941657018389282,0.06693773384597002,2.441509491256395
1,358,1.841298144178021,1.158402579315374,12,0,0.6138272827542874,6.51714120168027,0,-2.671372644117024,0.9999999999999994,0.002861239758077727,2.439622647193199
1,359,1.695042486269706,1.187437725742114,6,1,0.5880499991660498,3.539734283123633,0.8421494267204866,-1.105738569654096,0.9756835721714655,0.1435581034499048,2.439622647193199
1,360,0.9448171808385255,1.996306124334649,10,11,0.321243648362745,10.58405816787222,5.5101769542816,-2.079781157724597,0.9568423620814384,0.1013175349758447,2.439622647193199
1,361,0.8132570499950093,2.141952194664208,4,4,0.275194405088155,4.918494097314677,1.867455310143874,-1.251640562671231,0.9592298509502243,0.151570870656079,2.437631759599837
1,362,1.022584888789395,1.954911262529612,9,2,0.3434378540964355,8.801225305270064,1.023064339714348,-3.194667726900402,0.9998272865232727,0.001748683041494004,2.434732382357149
1,363,0.9960195725402772,1.992039145080554,2,0,0.3333333333333333,2.007992669159244,0,-0.8354657581069005,1,0.1111111111111109,2.403441014398001
1,364,0.838662094699517,2.149386943262593,8,0,0.2806721322323064,9.53900271701955,0,-3.972111243649254,1,0.00003851184734782187,2.401494351969832
1,365,0.8387463972065451,2.149293404604895,7,0,0.2807012131157261,8.345788456813148,0,-3.477933807165762,1.000000000000001,0.0001373124849933793,2.39963982052157
1,366,0.9960007083982246,1.947718740790858,4,0,0.3383477011277677,4.016061400631761,0,-1.678882234172524,0.9999999999999998,0.01310547964460396,2.392104293492134
1,367,0.9960007083982246,1.992001416796449,6,0,0.3333333333333333,6.024092100947641,0,-2.518323351258785,1,0.001371742112482699,2.392104293492134
1,368,0.9496823222423516,2.038319802952323,0,0,0.3178318764349867,0,0,0,1,1,2.392104293492134
1,369,0.995995879826707,1.991991759653414,6,0,0.3333333333333334,6.024121305646302,0,-2.52137608936448,0.9999999999999999,0.001371742112482921,2.389219653131833
1,370,0.995995879826707,1.991955894547332,7,0,0.3333373344137602,7.028141523254019,0,-2.941605437591894,0.9999999999999993,0.0004572857913653916,2.389219653131833
1,371,0.838582289427772,2.14940535005235,3,0,0.2806511909044164,3.577466442854555,0,-1.497336771931013,0.9999999999999999,0.02210551657851501,2.389219653131833
1,372,1.691974095588178,1.180826629196616,12,1,0.5889632653566413,7.092307164329522,0.8468643704964186,-2.614009467755073,0.9989740015533107,0.01033455806163797,2.389219653131833
1,373,0.8783519844985083,2.065024247207873,14,0,0.2984164834372179,15.93894047839289,0,-6.671190929431638,1,4.441394141352362e-8,2.389219653131833
1,374,0.9940377688098703,1.943745766552882,7,0,0.3383631764711107,7.041985948261178,0,-2.942736409240549,1,0.0005077870880660917,2.3930060219286
1,375,0.9940377688098703,1.943784671882446,3,0,0.3383586955567059,3.017993977826219,0,-1.261172746817378,0.9999999999999999,0.03873753895546916,2.3930060219286
1,376,0,1.104095062431067,0,0,0,null,0,null,1,1,2.3930060219286
1,377,0.8086181118581831,2.128987618691359,1,1,0.2752643431516297,1.236677716384594,0.4697068180296311,-0.320505210319879,0.9242295413893018,0.4747582276925613,2.3930060219286
1,378,0.9940377688098703,1.944341269595764,3,0,0.3382946025061612,3.017993977826219,0,-1.261172746817378,0.9999999999999998,0.03871552973741621,2.3930060219286
1,379,0,2.982113306429608,0,0,0,null,0,null,1,1,2.3930060219286
1,380,0.9465357418355943,2.035577564594016,1,6,0.3174043520730108,1.056484140853174,2.94756638330147,0.7902538585858687,0.2937929855550575,0.9309530332093667,2.3930060219286
1,381,0.9940377688098703,1.988075537619741,2,0,0.3333333333333334,2.011995985217479,0,-0.8407818312115855,1,0.111111111111111,2.3930060219286
1,382,0.9940377688098703,1.988075537619741,2,0,0.3333333333333334,2.011995985217479,0,-0.8407818312115855,1,0.111111111111111,2.3930060219286
1,383,0,1.104095062431067,0,0,0,null,0,null,1,1,2.3930060219286
1,384,0.8373372991657281,2.144776007263883,11,0,0.2807865473657154,13.13688045541472,0,-5.489698034619775,0.9999999999999998,8.553409477363161e-7,2.3930060219286
1,385,0.9940377688098703,1.944123132421331,2,0,0.3383197184311215,2.011995985217479,0,-0.8407818312115855,1,0.1144602318793133,2.3930060219286
1,386,0.8369676969598818,1.988075537619741,3,0,0.2962672169809911,3.584367725178524,0,-1.497851527464928,1,0.02600463687566457,2.3930060219286
1,387,0.9937449388998744,1.988368367529736,2,1,0.3332351378994561,2.012588866328316,0.5029249189084402,-0.6308650849959793,0.9629956851328588,0.2591283416583267,2.3930060219286
1,388,0.9940377688098703,1.98803737195716,8,0,0.33333759945237,8.047983940869917,0,-3.363127324846342,0.9999999999999996,0.0001524313963490176,2.3930060219286
1,389,0.8763810202279945,2.105732286201622,5,0,0.2938791823699201,5.705281018864635,0,-2.384148207979254,1,0.002192017991517248,2.3930060219286
1,390,0.9940377688098703,1.987724221381903,7,0,0.333372607230109,7.041985948261178,0,-2.942736409240549,0.9999999999999994,0.0004576246197584011,2.3930060219286
1,391,0.9940377688098703,1.988075537619741,3,1,0.3333333333333334,3.017993977826219,0.5029989963043698,-1.050977289014482,0.9876543209876543,0.1111111111111112,2.3930060219286
1,392,0.8764097727742808,2.105703533655335,4,0,0.2938888240378689,4.564075075678326,0,-1.907255992611332,0.9999999999999998,0.007459887608502913,2.3930060219286
1,393,0.9940377688098703,1.943589577057082,4,0,0.3383811667631756,4.023991970434959,0,-1.681563662423171,1,0.01311066541387251,2.3930060219286
1,394,0.9796890221246406,2.002424284304969,7,13,0.3285217298794026,7.145124464923756,6.492130614822337,-0.2728759744512258,0.6784313125103324,0.5021937410961518,2.3930060219286
1,395,0.9940377688098703,1.988075537619741,22,0,0.3333333333333334,22.13195583739227,0,-9.24860014332744,0.9999999999999997,3.186673147581587e-11,2.3930060219286
1,396,0.9937965939464297,1.988316712483181,12,1,0.3332524595238371,12.07490554213638,0.5029379845382449,-4.835745272497022,0.9999993747499668,0.0000168876685977537,2.3930060219286
1,397,0.9940377688098703,1.988075537619741,4,0,0.3333333333333334,4.023991970434959,0,-1.681563662423171,1,0.01234567901234573,2.3930060219286
1,398,0.9940377688098703,1.988075537619741,7,1,0.3333333333333334,7.041985948261178,0.5029989963043698,-2.732540951437653,0.9998475842097242,0.002591068434689814,2.3930060219286
1,399,0.8375165748327139,2.144596731596897,4,0,0.2808466643527525,4.77602488141678,0,-1.995826520138729,0.9999999999999999,0.006221241785538068,2.3930060219286
1,400,0.9941635332813248,1.987949773148286,5,3,0.3333755062686083,5.02935365522517,1.509092453200639,-1.471062408437836,0.9803254012874079,0.08798711277942484,2.3930060219286
1,401,0.9381825535094714,1.984987387937374,7,1,0.3209469761601034,7.461234462115087,0.5037815384001572,-2.907411372959144,0.9998874186878112,0.002018159146488951,2.3930060219286
1,402,0.8369532490817468,2.145160057347864,3,0,0.2806577628278666,3.584429600209347,0,-1.497877384078015,1,0.02210706952932406,2.3930060219286
1,403,0.9940377688098703,1.988075537619741,5,0,0.3333333333333334,5.029989963043699,0,-2.101954578028964,1,0.004115226337448541,2.3930060219286
1,404,0.8082386312255826,1.336959928723758,2,0,0.376766349891951,2.474516711688571,0,-1.034062049578245,1,0.1419528824109041,2.3930060219286
1,405,0.9377910878922109,1.999798516035146,8,0,0.3192382920468019,8.530684609064567,0,-3.564840427016317,0.9999999999999994,0.0001078747566531923,2.3930060219286
1,406,0.9940377688098703,1.988075537619741,6,0,0.3333333333333334,6.035987955652439,0,-2.522345493634757,0.9999999999999999,0.001371742112482921,2.3930060219286
1,407,0.186277094310233,2.795836212119377,0,0,0.06246479431502777,0,0,0,1,1,2.3930060219286
1,408,0.8370541674128299,2.145059139016781,4,2,0.2806916040406955,4.778663264246345,0.9323752262218414,-1.607303952760076,0.9919909990978323,0.05618594040991665,2.3930060219286
1,409,0.9376391030179336,1.985537921788645,5,1,0.3207602875436446,5.332542109119321,0.5036418539411041,-2.017922316504015,0.9989108603600798,0.01492726595242699,2.3930060219286
1,410,0.1866690022414622,2.795444304188147,0,2,0.06259621384572914,0,0.7154497755521693,0.298975334368597,0.8787258582963621,1,2.3930060219286
1,411,0.9940377688098703,1.988075537619741,3,0,0.3333333333333334,3.017993977826219,0,-1.261172746817378,0.9999999999999999,0.0370370370370372,2.3930060219286
1,412,0.8078867723158174,2.11527601545242,2,1,0.2763741984183573,2.475594437902449,0.4727515429167846,-0.8369568971546132,0.978889793191203,0.1869276790365744,2.3930060219286
1,413,0.8766021016280279,2.105511204801588,3,0,0.293953318184799,3.422305279018145,0,-1.430128151645853,0.9999999999999998,0.02540008095380952,2.3930060219286
1,414,1.000170296368643,1.981943010060968,4,0,0.3353897701379144,3.999318930509088,0,-1.671253182758776,0.9999999999999996,0.0126531672182093,2.3930060219286
1,415,0.8370687092317143,2.145044597197897,7,0,0.2806964803875645,8.362515433679036,0,-3.494565144027268,0.9999999999999999,0.0001372962798323885,2.3930060219286
1,416,0.9940377688098703,1.987923004438715,6,0,0.3333503839914544,6.035987955652439,0,-2.522345493634757,1,0.001372163170228591,2.3930060219286
1,417,1.814653058651079,1.096803974375239,14,0,0.6232800409095631,7.714973357169931,0,-3.22396738097307,0.9999999999999991,0.001335257659302536,2.3930060219286
1,418,0.8766405657638475,2.105472740665769,2,0,0.2939662164659396,2.281436746264793,0,-0.9533769348503816,1,0.0864161364232996,2.3930060219286
1,419,0.9374839044832333,2.000100245862063,3,0,0.3191343146282422,3.200054940307143,0,-1.337667094463884,1,0.03250278023975806,2.39226557455962
1,420,1.820656407717951,1.155299383880471,7,1,0.611788795000901,3.844767178653961,0.865576502465669,-1.242935898603305,0.9803748877958817,0.119250192222028,2.396898085843386
1,421,0.8064991510735672,2.125289407670408,4,0,0.2750877612466993,4.959707638471064,0,-2.069219241220226,0.9999999999999999,0.005726444759252547,2.396898085843386
1,422,0.9906082585186788,1.985616078938061,5,5,0.332840588006608,5.047403912699886,2.518110148802823,-1.055236256741843,0.923940036073448,0.2121198270958705,2.396898085843386
1,423,0.9367325808523455,1.980686118736291,6,2,0.3210826683823022,6.40524320670102,1.009751106488307,-2.251031085585029,0.9979761946845793,0.01616522475966109,2.396898085843386
1,424,0.8747781355318579,2.101446201924889,5,0,0.2939221094735676,5.715734992576193,0,-2.384638306624131,1,0.002193619406023362,2.396898085843386
1,425,0.9921735745304362,1.984042889561255,7,0,0.3333674100997344,7.055217131047735,0,-2.944452884345095,1,0.0004575746829462712,2.396104610319467
1,426,0.806291966960732,1.334664669093805,3,0,0.376603595506076,3.720736560613788,0,-1.552827261626825,0.9999999999999999,0.05341378893616699,2.396104610319467
1,427,0.9333658619073425,1.984081046365322,3,1,0.3199255689146239,3.214173693764061,0.5040116691966391,-1.131069992894043,0.9895239924279824,0.0995525376381361,2.396104610319467
1,428,1.82611326617136,1.149846814862665,10,1,0.6136215595798111,5.476111578207885,0.8696810627939492,-1.922466362935536,0.995355844941352,0.03681123746762216,2.396104610319467
1,429,0.8350718011595021,2.138450450570218,11,0,0.2808359011518191,13.17251999735404,0,-5.510773645415476,0.9999999999999991,8.569961764681722e-7,2.390321367728927
1,430,0.9910458524806431,1.982332393434005,10,3,0.3333063507282724,10.09035048678065,1.513368802294092,-3.588212781880309,0.9997875447520512,0.001646559998258912,2.390321367728927
1,431,0.9911740839099068,1.982348167819814,3,0,0.3333333333333333,3.026713519552319,0,-1.266237067707777,1,0.03703703703703698,2.390321367728927
1,432,0.000618907871078241,2.97290334385864,0,3,0.0002081396467499841,0,1.009114543262005,0.4221668922370791,0.9993757110170705,1,2.390321367728927
1,433,0.8740950335775949,2.099427218152131,3,2,0.2939594728336489,3.43212109067965,0.9526407882624078,-1.037299978108394,0.9714447390349538,0.1551808972599893,2.390321367728927
1,434,0.8055490802929415,2.123554031110531,2,1,0.2750156104634243,2.482778577902033,0.4709086678981468,-0.8427878391812088,0.9791995831750653,0.1852999243458406,2.387160583568069
1,435,1.000539744812112,1.972938831609029,6,1,0.3364879615229496,5.996763278131166,0.5068580860078925,-2.300511102594037,0.9995115875588162,0.007230028786094023,2.386385001981908
1,436,0.8345377011899191,2.138906382929314,3,0,0.2806636605837229,3.594804639409907,0,-1.508339954041173,0.9999999999999999,0.02210846323570914,2.383285432291731
1,437,0.8361956251675448,2.137199334725658,15,3,0.2812258836940986,17.93838612465177,1.403706220217917,-6.94001830679598,0.9999998733163957,0.000001775972742756871,2.382512433467553
1,438,0.805458097342611,2.123579732062412,1,1,0.2749906775721719,1.241529513824775,0.4709029686532202,-0.3234512166007756,0.9243801272483978,0.4743614823927416,2.382512433467553
1,439,0.1867208027843075,2.786714665349773,0,2,0.06279631920227291,0,0.7176909874800445,0.3012328403405239,0.8783507393008079,1,2.382512433467553
1,440,1.824523096429019,1.148670190247814,8,1,0.6136577479186718,4.384707442540853,0.8705719087079817,-1.474970491011597,0.9876594079131472,0.08226430672289842,2.382512433467553
1,441,0.8055694209287367,2.123471907013748,3,0,0.2750283559483306,3.724073831577812,0,-1.563086840288898,0.9999999999999998,0.02080330891914983,2.382512433467553
1,442,1.823881069787394,1.148484088445262,10,1,0.6136127200709952,5.482813636069856,0.8707129772722674,-1.935813888738054,0.995356580802104,0.03680660389461832,2.382512433467553
1,443,0.871909420071859,2.101526048062226,4,0,0.2932330058667817,4.587632508512567,0,-1.925543994679449,1,0.007393522672985764,2.382512433467553
1,444,0.9352311077577881,1.994011095472144,11,2,0.3192740793938291,11.76179867067558,1.003003445939421,-4.515735185095175,0.9999897133912485,0.0001372970582366184,2.382512433467553
1,445,0.805569949371291,2.109086543908046,5,0,0.2763858970100894,6.206785647729613,0,-2.605143024876534,0.9999999999999997,0.001612795837248937,2.382512433467553
1,446,0.9911451560446938,1.982290312089388,4,0,0.3333333333333334,4.035735810849917,0,-1.693899160465757,1,0.01234567901234573,2.382512433467553
1,447,0.8740893885665871,2.099346079567499,1,1,0.2939661539435065,1.144047751958061,0.4763388036554777,-0.2802541295999816,0.9135839003356625,0.5015162082226757,2.382512433467553
1,448,0.8730293444907651,2.100406123643321,8,0,0.2936096491236836,9.16349496209245,0,-3.846147803206101,0.9999999999999996,0.00005522841661764755,2.382512433467553
1,449,0.9916528171129357,1.981782651021146,2,0,0.3335040654960732,2.016834889677147,0,-0.8465159977116292,1,0.1112249617024091,2.382512433467553
1,450,0.932796446259526,1.982053301488696,2,0,0.3200152759092057,2.144090501223407,0,-0.8999283576047734,1,0.102409776815245,2.382512433467553
1,451,0.9911451560446938,1.982290312089388,7,1,0.3333333333333334,7.062537668987355,0.5044669763562396,-2.752586135756856,0.9998475842097242,0.002591068434689814,2.382512433467553
1,452,0.8731689374566007,2.100266530677486,4,0,0.2936565958179473,4.581014999973946,0,-1.922766460994561,1,0.007436336605881722,2.382512433467553
1,453,0.9911451560446938,1.982290312089388,1,1,0.3333333333333334,1.008933952712479,0.5044669763562396,-0.2117373950582197,0.888888888888889,0.5555555555555556,2.382512433467553
1,454,0.1864154906742775,2.787019977459803,2,0,0.06269363928427839,10.72872212907771,0,-4.50311275541296,0.9999999999999999,0.003930492406707287,2.382512433467553
1,455,0.8345567236346154,2.138878744499467,3,0,0.2806708713131495,3.594722701333668,0,-1.508794938837671,1,0.02211016729217852,2.382512433467553
1,456,0.9911451560446938,1.825673036819416,3,0,0.35186692508433,3.026801858137438,0,-1.270424370349318,0.9999999999999999,0.04356476115522345,2.382512433467553
1,457,0.8326329106279268,1.306323201666957,4,0,0.3892706848176496,4.804037828607346,0,-2.016374714828019,0.9999999999999998,0.0229618458184353,2.382512433467553
1,458,0.1869417129695214,2.786493755164559,1,0,0.062870613797727,5.349260922644045,0,-2.245218470847025,1,0.06287061379772696,2.382512433467553
1,459,0.806828659482347,2.122205659410335,6,1,0.2754589300228369,7.436523144640819,0.4712078660076021,-2.923516864294289,0.9998796633288749,0.00233599191646372,2.382512433467553
1,460,0.9975955642063273,1.975839903927754,19,1,0.3355026786010419,19.04579438974964,0.5061138799819302,-7.781567159666284,0.999999999673473,1.326095044884568e-8,2.382512433467553
1,461,0.9911451560446938,1.982290312089388,1,1,0.3333333333333334,1.008933952712479,0.5044669763562396,-0.2117373950582197,0.888888888888889,0.5555555555555556,2.382512433467553
1,462,0.9911451560446938,1.982290312089388,7,0,0.3333333333333334,7.062537668987355,0,-2.964323530815076,1,0.0004572473708274183,2.382512433467553
1,463,1.824278890383355,1.14904388329116,14,0,0.6135488910034682,7.674265198046573,0,-3.22108085995476,0.9999999999999983,0.001071244132870741,2.382512433467553
1,464,0.9911451560446938,1.982290312089388,4,0,0.3333333333333334,4.035735810849917,0,-1.693899160465757,1,0.01234567901234573,2.382512433467553
1,465,0.9911451560446938,1.982116148309932,10,0,0.3333528588937228,10.08933952712479,0,-4.234747901164393,1,0.00001694501043592034,2.382512433467553
1,466,0.8740411389987107,2.099394329135376,2,0,0.2939499270677617,2.288221813324682,0,-0.960423870692822,1,0.08640655962314225,2.382512433467553
1,467,0.8056014328214788,2.123439895121006,4,0,0.2750392850849176,4.965234465870668,0,-2.08403297129668,0.9999999999999999,0.00572240935334889,2.382512433467553
1,468,0.9911451560446938,1.937994026596617,6,0,0.3383742097058502,6.053603716274876,0,-2.540848740698636,1,0.00150100979658685,2.382512433467553
1,469,0.1857350349260036,2.787700433208076,0,0,0.06246479431502778,0,0,0,1,1,2.382512433467553
1,470,0.1857350349260036,2.787700433208076,0,0,0.06246479431502778,0,0,0,1,1,2.382512433467553
1,471,0.83459089529698,2.138844572837102,7,0,0.280682363629943,8.387342875947773,0,-3.520377378992595,1,0.0001372479528942705,2.382512433467553
1,472,0.8723036315176568,2.10113183661643,2,1,0.2933655836375194,2.292779632844526,0.4759339621498269,-0.7625755253878898,0.9747519705024702,0.2076940379938867,2.382512433467553
1,473,0.805873937558329,2.123167390384156,5,0,0.2751323205550049,6.204444351618085,0,-2.604160324396721,1,0.001576551114204294,2.382512433467553
1,474,0.874002543828956,2.09943292430513,4,0,0.2939369470753697,4.576645718302174,0,-1.920932564301979,1,0.007464774907462224,2.382512433467553
1,475,0.8057089791275472,2.123332348814938,3,0,0.2750760023224119,3.723428778525611,0,-1.562816095404993,0.9999999999999999,0.02081412279282757,2.382512433467553
1,476,0.873703515936886,2.099731952197201,7,0,0.2938363806109971,8.01187115802526,0,-3.362782517094626,0.9999999999999999,0.0001891206539910151,2.382512433467553
1,477,0.9938901739893297,1.979545294144752,8,1,0.3342565139350494,8.04917908373032,0.5051665162488959,-3.16641057629308,0.9999479142508177,0.0009857451427980335,2.382512433467553
1,478,1.809617439440214,1.092949712592021,9,0,0.6234541165303302,4.973426871252994,0,-2.08747152853871,0.9999999999999991,0.01423116557353055,2.382512433467553
1,479,0.9911451560446938,1.982290312089388,19,0,0.3333333333333334,19.16974510153711,0,-8.046021012212348,1,8.60391313750597e-10,2.382512433467553
1,480,0.9911451560446938,1.982290312089388,1,0,0.3333333333333334,1.008933952712479,0,-0.4234747901164393,1,0.3333333333333334,2.382512433467553
1,481,0.8056333812364791,2.123407946706006,2,0,0.2750501925496555,2.48251878159569,0,-1.041975163161094,0.9999999999999999,0.07565260842160271,2.382512433467553
1,482,0.9323066813231327,1.982385814400837,1,2,0.3198645080710514,1.072608423851255,1.008885346874058,-0.02674616765145446,0.7585128784307527,0.6853800081432271,2.382512433467553
1,483,0.9351969315163524,1.97948166989967,7,1,0.3208576517019786,7.485054499323495,0.5051827532460479,-2.929626577402079,0.9998876691085994,0.002014449540412966,2.382512433467553
1,484,1.825295454088389,1.148027132583097,5,0,0.6138908244502771,2.739282557681687,0,-1.149745335723132,0.9999999999999993,0.08718779835901103,2.382512433467553
1,485,0.9362606445703127,1.97839584870903,1,0,0.3212250386037449,1.06807864433834,0,-0.448299295036139,1,0.321225038603745,2.382512433467553
1,486,0.8054261271546216,2.109230366124715,1,0,0.2763365525274716,1.241578794485798,0,-0.521121643289299,1,0.2763365525274716,2.382512433467553
1,487,0.0000225787624157074,2.973412889371663,0,1,0.000007593493337145219,0,0.3363138713679681,0.1411593352646184,0.9999924065066629,1,2.382512433467553
1,488,1.824775907656172,1.148519961775689,9,0,0.6137216031598131,4.932112465009483,0,-2.070130839918092,1,0.01235215399740919,2.382512433467553
1,489,0.9911451560446938,1.982290312089388,5,0,0.3333333333333334,5.044669763562396,0,-2.117373950582197,1,0.004115226337448541,2.382512433467553
1,490,0.9911451560446938,1.982290312089388,6,0,0.3333333333333334,6.053603716274876,0,-2.540848740698636,0.9999999999999999,0.001371742112482921,2.382512433467553
1,491,0.9911451560446938,1.982290312089388,0,0,0.3333333333333334,0,0,0,1,1,2.382512433467553
1,492,0.9911451560446938,1.982290312089388,5,0,0.3333333333333334,5.044669763562396,0,-2.117373950582197,1,0.004115226337448541,2.382512433467553
1,493,0.9895744873418758,1.983860980792206,3,6,0.3328050996724213,3.031606047219735,3.024405468977997,-0.003022262608409028,0.6516053390843559,0.6215222129962399,2.382512433467553
1,494,0.9356904672555204,1.993367069141865,6,1,0.3194510369387893,6.412376966496877,0.5016637504855016,-2.480874027342981,0.9996605075539674,0.00540220452955753,2.382512433467553
1,495,0.1867073256879813,2.786728142446099,1,1,0.06279178670225043,5.355976238828276,0.3588437583015302,-2.097421365081325,0.9960571915227392,0.1216407649272399,2.382512433467553
1,496,0.9911451560446938,1.974023472950478,16,0,0.3342626609335775,16.14294324339967,0,-6.77559664186303,1,2.42887887580423e-8,2.382512433467553
1,497,0.8739245149506447,2.099510953183441,5,0,0.2939107050804962,5.721317933600223,0,-2.401380094908176,0.9999999999999998,0.002193193868851084,2.382512433467553
1,498,0.9911451560446938,1.938175401319423,10,0,0.3383532585920038,10.08933952712479,0,-4.234747901164393,1,0.00001966543847309321,2.382512433467553
1,499,0.834493871332619,1.992685454652232,2,0,0.2951683551385345,2.396662298796949,0,-1.005939052040455,1,0.08712435787518791,2.382512433467553
1,500,0.874060511591635,2.099374956542452,2,0,0.2939564422900129,2.288171097396983,0,-0.9604025839507314,0.9999999999999999,0.08641038996380179,2.382512433467553
1,501,0.806401449620432,2.122639878322053,4,0,0.2753124177277797,4.96030854344666,0,-2.08196543857164,0.9999999999999999,0.005745174196476799,2.382512433467553
1,502,0.9909921693210103,1.982443298813071,5,1,0.3332818821667205,5.045448546203758,0.5044280462390628,-1.905979770000868,0.9986295277965671,0.01781994690170219,2.382512433467553
1,503,0.8054101211186896,2.109246372160647,0,0,0.2763310609589218,0,0,0,1,1,2.382512433467553
1,504,0.8344938861690481,2.138941581965033,1,0,0.2806497383623118,1.198331128093399,0,-0.5029695170779552,1,0.2806497383623118,2.382512433467553
1,505,0.9336886040757811,1.981025289099542,8,2,0.3203362794070364,8.568167122398224,1.009578227499096,-3.172528625127977,0.9997472154703649,0.002557671897144398,2.382512433467553
1,506,0.834591748469129,1.992773652870663,7,0,0.2951835472251462,8.387334301878646,0,-3.520373780241542,0.9999999999999998,0.0001952742738674518,2.382512433467553
1,507,0.8346292020689685,2.138806266065113,9,0,0.2806952466309023,10.78323161673451,0,-4.525991749407325,0.9999999999999997,0.00001081721655504797,2.382512433467553
1,508,0.9357304134572946,1.20322569883759,9,0,0.4374705998307513,9.618154834518208,0,-4.03697991221803,1,0.0005868672096014382,2.382512433467553
1,509,0.991087720011075,1.982347748123006,6,1,0.333314016945191,6.053954537881825,0.5044523600598604,-2.329264729059615,0.9995429380766521,0.00685648509594361,2.382512433467553
1,510,0.8739634753721586,2.028251970823435,6,0,0.3011366632059672,6.865275459532252,0,-2.881527652529562,1,0.0007457303232230039,2.382512433467553
1,511,0.9927705209159167,1.980664947218165,18,1,0.3338799619347076,18.13107825098739,0.5048809499075023,-7.398155431838143,0.999999999112401,3.453352570570445e-8,2.382512433467553
1,512,0.8347315223805429,2.138703945753539,4,3,0.2807296581097021,4.791959920948635,1.402718691362865,-1.422549230793732,0.9784553005685714,0.1024352312663382,2.382512433467553
1,513,0.9256776079452443,1.988641990395811,5,12,0.3176307802590272,5.40144857894819,6.034268640587021,0.2656103921010026,0.5336346606494229,0.6702555403349723,2.382512433467553
1,514,0.1857350349260036,2.787700433208076,0,0,0.06246479431502778,0,0,0,1,1,2.382512433467553
1,515,0.9911451560446938,1.982290312089388,2,0,0.3333333333333334,2.017867905424958,0,-0.8469495802328787,1,0.111111111111111,2.382512433467553
1,516,0.9911451560446938,1.982290312089388,4,0,0.3333333333333334,4.035735810849917,0,-1.693899160465757,1,0.01234567901234573,2.382512433467553
1,517,0.9911451560446938,1.982225480394688,9,0,0.3333406013693578,9.080405574412314,0,-3.811273111047954,0.9999999999999993,0.00005081523416661238,2.382512433467553
1,518,0.9911451560446938,1.982290312089388,12,0,0.3333333333333334,12.10720743254975,0,-5.081697481397272,0.9999999999999996,0.000001881676423565182,2.382512433467553
1,519,0.874060509477012,2.099374958657074,1,0,0.2939564415788412,1.144085551466389,0,-0.4802012931371213,1,0.2939564415788412,2.382512433467553
1,520,0.8738965809715122,2.099538887162574,2,5,0.2939013105671692,2.288600325883638,2.381475299444088,0.03898194706387248,0.6608643711410591,0.6575182597934182,2.382512433467553
1,521,0.9911451560446938,1.982290312089388,3,3,0.3333333333333334,3.026801858137438,1.513400929068719,-0.635212185174659,0.8998628257887515,0.3196159122085049,2.382512433467553
1,522,0.9910732618887289,1.938031630011156,3,2,0.338353626266315,3.027021427540863,1.031974901249928,-0.8373708771741044,0.9522064003279322,0.2173695967290148,2.382512433467553
1,523,0.8055306173940607,2.123516112488002,2,1,0.2750146008856934,2.482835483609696,0.4709170766914302,-0.8444524270499116,0.9791998122481769,0.1852987165973055,2.382512433467553
1,524,0.8741087659467711,2.099326702187315,0,0,0.2939726707757672,0,0,0,1,1,2.382512433467553
1,525,0.9911021711417992,1.982290312089388,6,1,0.333323695654456,6.053866265964992,0.5044669763562396,-2.329221544305669,0.9995428451640149,0.006857600120217855,2.382512433467553
1,526,1.011942050779055,1.961493417355025,10,0,0.3403275644028283,9.88198878809452,0,-4.147717614934789,0.9999999999999999,0.00002084352927256283,2.382512433467553
1,527,0.9911451560446938,1.982290312089388,7,0,0.3333333333333334,7.062537668987355,0,-2.964323530815076,1,0.0004572473708274183,2.382512433467553
1,528,0.9911290248523411,1.982258049704682,27,0,0.3333333333333333,27.24166008963613,0,-11.45483517001724,1.000000000000002,1.287858708565182e-13,2.378180016150781
1,529,0.8740460456110527,2.099341028945976,2,0,0.2939563614472451,2.288208967986102,0,-0.9621681085730833,1,0.08641034243530332,2.378180016150781
1,530,0.8739323082062513,2.099438523526066,5,1,0.2939197152536433,5.721266913981604,0.4763178291691398,-2.205446622708449,0.9993552782682018,0.00993757172474885,2.378180016150781
1,531,0.9911290248523411,1.825776450862103,3,0,0.3518502957934588,3.026851121070682,0,-1.272759463335249,0.9999999999999998,0.04355858481300834,2.378180016150781
1,532,1.825542536592358,1.147601235340755,13,0,0.6140108506779023,7.121170687299569,0,-2.994378322472656,0.9999999999999998,0.001763147305088641,2.378180016150781
1,533,0.8736335847397576,2.099753489817271,10,0,0.2938176439305032,11.44644639889714,0,-4.813111842317078,1.000000000000001,0.000004794890776760319,2.378180016150781
1,534,0.9451096397999348,2.028277434757088,2,1,0.3178562414181267,2.116156597898387,0.4930291994890544,-0.6825082152681008,0.9678861606156016,0.2388700918565785,2.378180016150781
1,535,0.9911003537970788,1.982286720759944,7,1,0.3333236907760264,7.062856927839623,0.504467890304301,-2.757734483090329,0.9998476194784243,0.002590574662166722,2.378180016150781
1,536,0.9911290248523411,1.982258049704682,3,0,0.3333333333333333,3.026851121070682,0,-1.272759463335249,1,0.03703703703703698,2.378180016150781
1,537,0.9911290248523411,1.982258049704682,2,0,0.3333333333333333,2.017900747380454,0,-0.8485063088901661,1,0.1111111111111109,2.378180016150781
1,538,0.9911290248523411,1.982204244836455,4,1,0.3333393652693623,4.035801494760909,0.5044888802982593,-1.484880282602946,0.9958844013073451,0.04527046851315464,2.378180016150781
1,539,1.680502077171125,1.176438439799289,14,2,0.5882173840123139,8.330843615240818,1.700046455759485,-2.788181346428793,0.9974939196138246,0.01458553253964234,2.378180016150781
1,540,0.8741376079931568,2.099249466563872,0,7,0.2939871554137917,0,3.334525082175134,1.402133168864253,0.08743558419802504,1,2.378180016150781
1,541,0.8358234075553903,2.136646063478834,17,22,0.2811882226883153,20.33922458539593,10.29651114241174,-4.222856711763516,0.9876085837924348,0.02774589838358754,2.378180016150781
1,542,0.8702704965949781,2.102991042737485,3,6,0.2926989385502782,3.447204072455409,2.853079199134267,-0.2499547671956815,0.7461779625263033,0.5175575349268845,2.376929554042158
1,543,0.9909218766232518,1.938470541912965,9,5,0.3382687380335352,9.082451616336447,2.579353099204586,-2.735923959577524,0.9954382562787116,0.01929263770280698,2.376929554042158
1,544,1.808941828416357,1.093138340930476,10,0,0.6233259327303466,5.528093741275542,0,-2.325728893342496,1,0.00885425357953551,2.376929554042158
1,545,0.8588879395765012,2.114485134374237,4,2,0.2888597960010755,4.657184966379098,0.9458567324437028,-1.561395973062805,0.9908379909667798,0.06197613827003057,2.376929554042158
1,546,0.8736015533984798,2.099771520552259,6,3,0.2938082546895873,6.868119655532702,1.428726873679558,-2.288411439288566,0.9962376720272264,0.02279199356356476,2.376929554042158
1,547,0.8738429524096952,2.099530121541043,6,1,0.2938894416127254,6.866222338298314,0.4762970484395841,-2.688310757461092,0.9998106401564817,0.00337410472161459,2.376929554042158
1,548,0.9910260667951074,1.982340118512217,3,6,0.3333010483848883,3.0271655817306,3.0267258095463,-0.0001850647853115158,0.6503867315506863,0.6227423588585725,2.376314778415981
1,549,0.1863209199520255,2.787045265355298,0,2,0.06266329417234817,0,0.7176058547958446,0.3019826587427912,0.8786001000918339,1,2.376314778415981
1,550,1.825557789282693,1.14769580821608,12,0,0.6139933004095008,6.573333405520456,0,-2.766187992106901,0.9999999999999996,0.002870539903098712,2.376314778415981
1,551,0.9911174835277173,1.982234967055435,6,0,0.3333333333333334,6.053772736047397,0,-2.548860380674478,0.9999999999999999,0.001371742112482921,2.375089974306655
1,552,0.8345386599747444,1.982234967055435,5,0,0.2962746640221234,5.991334182350899,0,-2.522571459255943,1,0.002282824745060918,2.375089974306655
1,553,0.8347612065637547,1.982234967055435,6,0,0.2963302592957659,7.187684277637489,0,-3.026278732760742,1,0.0006771049772796855,2.375089974306655
1,554,0.9911174835277173,1.82563469191224,2,0,0.3518653476757896,2.017924245349132,0,-0.8496201268914926,1,0.1238092228950043,2.375089974306655
1,555,0.9911174835277173,1.982234967055435,2,0,0.3333333333333334,2.017924245349132,0,-0.8496201268914926,1,0.111111111111111,2.375089974306655
1,556,0.9903038819117701,1.98060776382354,3,1,0.3333333333333334,3.029373159891623,0.5048955266486039,-1.062301077509003,0.9876543209876543,0.1111111111111112,2.376423865786415
1,557,0.9902989502321987,1.980597900464397,8,0,0.3333333333333334,8.07836865637817,0,-3.401109383694438,1,0.0001524157902758061,2.375215773743531
1,558,0.9902989502321987,1.980501633939094,7,0,0.333344134745565,7.068572574330899,0,-2.975970710732633,1,0.0004573510981750184,2.375215773743531
1,559,0.8733428052861305,2.097554045410471,1,0,0.2939660476873687,1.145025749278799,0,-0.4820723076767659,1,0.2939660476873687,2.375215773743531
1,560,1.807797331677639,1.092177650398518,10,2,0.6233837680845772,5.531593517023272,1.83120392481043,-1.558711275683021,0.9715875809598659,0.1113777979293178,2.3740057892321
1,561,0.9902940057960828,1.980588011592166,1,1,0.3333333333333333,1.009801123855248,0.504900561927624,-0.2126787408091958,0.8888888888888891,0.5555555555555555,2.3740057892321
1,562,0.9886161022902189,1.982265915098029,4,4,0.332768550384686,4.046059932398063,2.017892740592368,-0.8543227657678671,0.9126333342262171,0.2574936379650996,2.3740057892321
1,563,0.9902940057960828,1.980588011592166,2,4,0.3333333333333333,2.019602247710496,2.019602247710496,0,0.6803840877914954,0.6488340192043894,2.3740057892321
1,564,1.82298394624643,1.147654386545062,15,0,0.6136674148863428,8.22826774250282,0,-3.46598469971059,0.9999999999999993,0.0006591677474596658,2.3740057892321
1,565,0,2.970882017388246,0,0,0,null,0,null,1,1,2.3740057892321
1,566,0.1885861746993798,2.78225290936428,1,5,0.06347909441174522,5.302615642923314,1.797104779070014,-1.476622710758932,0.9490815884237711,0.3253090909149964,2.3740057892321
1,567,0.9902940057960828,1.980588011592166,6,0,0.3333333333333333,6.058806743131488,0,-2.55214488971035,1,0.001371742112482699,2.3740057892321
1,568,0.9787391727437622,1.992142844644486,7,2,0.329443972199269,7.152058684211496,1.003944072272045,-2.589763950798171,0.9991168930891541,0.007700896634971088,2.3740057892321
1,569,0.8733675957167365,2.097499721693675,2,1,0.2939773145028963,2.289986495730567,0.4767581085505587,-0.7641699060227775,0.9745936980769895,0.2084553804809832,2.372807896371101
1,570,0.9901589409732156,1.980708376437192,0,4,0.3332895195859166,0,2.019479519339954,0.8510927169571896,0.1975827967211527,1,2.372807896371101
1,571,0.990249436195706,1.980617881214701,1,2,0.3333199804624291,1.009846573446942,1.00978589508311,-0.00002557238785522623,0.7407585443903091,0.7036858995192307,2.372807896371101
1,572,0.8732858200774205,1.980578211606938,4,0,0.3060012006115108,4.580401866190136,0,-1.930371975411605,0.9999999999999999,0.008767838099452252,2.372807896371101
1,573,0.0009453511771937104,2.969904535178863,0,3,0.000318209001920742,0,1.01013347885922,0.4257122881309048,0.9990456767329238,1,2.372807896371101
1,574,0.9902102534088885,1.980657064001519,3,10,0.3333067914564482,3.029659599738771,5.048829593850543,0.850962270144089,0.3224971378862487,0.8612238757151789,2.372807896371101
1,575,0.9902264633153592,1.980626341822669,3,1,0.3333138759358198,3.029610004519324,0.5048907907989102,-1.064551787537431,0.9876572033126801,0.1110938164038352,2.371626484758162
1,576,0.9315407500099346,1.980584134444505,0,1,0.3198835170094192,0,0.5049015503097879,0.2128925248367149,0.6801164829905808,1,2.371626484758162
1,577,0.8337935375358461,2.136935995426321,3,2,0.2806696228264361,3.59801301514768,0.9359194680049356,-1.126803619191147,0.975939011894215,0.1384654689785454,2.362517746485119
1,578,0.87313105383329,2.097609373664497,6,1,0.2939102473415074,6.871820643256609,0.4767331861475298,-2.706894992269791,0.9998105462972239,0.003375457713878149,2.362517746485119
1,579,0.9902014237249877,1.980488165598613,2,2,0.3333237600063249,2.019791076926857,1.009852032817116,-0.4282269638857132,0.8888973983295994,0.4073903881593958,2.358420018547168
1,580,0.990229863107867,1.979995007041463,6,0,0.3333854864187716,6.059199205696357,0,-2.569177312796445,1.000000000000001,0.001373030346785375,2.358420018547168
1,581,0.8337846854559462,1.990873212896292,5,0,0.2951807671797472,5.996752023894278,0,-2.548400527858372,0.9999999999999996,0.002240991894589817,2.353143455410377
1,582,0.9902079550749978,1.980415910149996,6,0,0.3333333333333333,6.059333263532066,0,-2.574995268393166,1,0.001371742112482699,2.353143455410377
1,583,0.95654292273484,2.014066458617377,22,0,0.3220022560823609,22.99949064188366,0,-9.778762303666735,1.000000000000001,1.48894230278529e-11,2.351983812231489
1,584,0.8732514093049772,2.026428075105545,2,0,0.301154460001465,2.290291179251351,0,-0.9740093543164501,0.9999999999999998,0.0906940087787742,2.351405732503107
1,585,1.823269089202364,1.147318673413148,7,1,0.6137738504642029,3.839257760390339,0.8715974237786172,-1.262697145659845,0.9798596481817681,0.1215292334353806,2.350255044776329
